Test unit,RS4,
Reference,Rezaie et al. (2020),
top_displacement,horizontal_force,drift
[mm],[kN],[%]
NaN,0.02344,#VALUE!
NaN,0.2073,#VALUE!
NaN,0.1521,#VALUE!
NaN,0.2057,#VALUE!
NaN,-0.03854,#VALUE!
NaN,0.1302,#VALUE!
NaN,-0.05521,#VALUE!
NaN,-0.1539,#VALUE!
NaN,-0.1768,#VALUE!
NaN,-0.06224,#VALUE!
NaN,0.1096,#VALUE!
NaN,0.2471,#VALUE!
NaN,0.07656,#VALUE!
NaN,-0.03177,#VALUE!
NaN,0.1401,#VALUE!
NaN,0.00026,#VALUE!
NaN,0.02109,#VALUE!
NaN,0.162,#VALUE!
NaN,0.01979,#VALUE!
NaN,0.03724,#VALUE!
NaN,-0.0651,#VALUE!
NaN,-0.0125,#VALUE!
NaN,0.00911,#VALUE!
NaN,0.1505,#VALUE!
NaN,0.1443,#VALUE!
NaN,-0.0138,#VALUE!
NaN,0.2872,#VALUE!
NaN,0.2039,#VALUE!
NaN,0.08255,#VALUE!
NaN,0.07552,#VALUE!
NaN,-0.06849,#VALUE!
NaN,0.1497,#VALUE!
NaN,-0.02083,#VALUE!
NaN,0.1841,#VALUE!
NaN,0.1169,#VALUE!
NaN,0.05938,#VALUE!
NaN,0.2206,#VALUE!
NaN,-0.05052,#VALUE!
NaN,-0.01458,#VALUE!
NaN,0.1201,#VALUE!
NaN,-0.1169,#VALUE!
NaN,-0.04661,#VALUE!
NaN,0.4016,#VALUE!
NaN,0.1797,#VALUE!
NaN,0.04401,#VALUE!
NaN,0.06745,#VALUE!
NaN,0.1242,#VALUE!
NaN,0.03073,#VALUE!
NaN,0.00964,#VALUE!
NaN,0.07057,#VALUE!
NaN,0.1654,#VALUE!
NaN,0.05651,#VALUE!
NaN,0.09323,#VALUE!
NaN,0.1292,#VALUE!
NaN,0.025,#VALUE!
NaN,0.0737,#VALUE!
NaN,0.06693,#VALUE!
NaN,0.08411,#VALUE!
NaN,0.09349,#VALUE!
NaN,0.2128,#VALUE!
NaN,-0.02943,#VALUE!
NaN,0.00547,#VALUE!
NaN,0.1646,#VALUE!
NaN,-0.00651,#VALUE!
NaN,0.131,#VALUE!
NaN,0.02083,#VALUE!
NaN,0.1089,#VALUE!
NaN,-0.01198,#VALUE!
NaN,0.07578,#VALUE!
NaN,0.03802,#VALUE!
NaN,0.1034,#VALUE!
NaN,0.05104,#VALUE!
NaN,-0.05182,#VALUE!
NaN,0.1451,#VALUE!
NaN,0.05573,#VALUE!
NaN,-0.05,#VALUE!
NaN,0.137,#VALUE!
NaN,0.00234,#VALUE!
NaN,0.1185,#VALUE!
NaN,0.07943,#VALUE!
NaN,0.04505,#VALUE!
NaN,0.2063,#VALUE!
NaN,0.09219,#VALUE!
NaN,-0.0513,#VALUE!
NaN,0.08099,#VALUE!
NaN,0.01563,#VALUE!
NaN,0.07057,#VALUE!
NaN,0.07161,#VALUE!
NaN,0.107,#VALUE!
NaN,0.05417,#VALUE!
NaN,0.0776,#VALUE!
NaN,0.04167,#VALUE!
NaN,0.04583,#VALUE!
NaN,0.06641,#VALUE!
NaN,0.1146,#VALUE!
NaN,0.07005,#VALUE!
NaN,0.04401,#VALUE!
NaN,0.03255,#VALUE!
NaN,0.05234,#VALUE!
NaN,0.1563,#VALUE!
NaN,0.02109,#VALUE!
NaN,0.00052,#VALUE!
NaN,0.1544,#VALUE!
NaN,0.0151,#VALUE!
NaN,0.05859,#VALUE!
NaN,0.1396,#VALUE!
NaN,0.01146,#VALUE!
NaN,-0.1065,#VALUE!
NaN,0.06563,#VALUE!
NaN,0.1141,#VALUE!
NaN,0.04453,#VALUE!
NaN,0.1596,#VALUE!
NaN,0.01953,#VALUE!
NaN,0.107,#VALUE!
NaN,0.01302,#VALUE!
NaN,0.02422,#VALUE!
NaN,0.06042,#VALUE!
NaN,0.0875,#VALUE!
NaN,0.06042,#VALUE!
NaN,0.09167,#VALUE!
NaN,0.03958,#VALUE!
NaN,0.01094,#VALUE!
NaN,0.06484,#VALUE!
NaN,0.00573,#VALUE!
NaN,0.09557,#VALUE!
NaN,0.01589,#VALUE!
NaN,0.1003,#VALUE!
NaN,0.00703,#VALUE!
NaN,0.1128,#VALUE!
NaN,0.149,#VALUE!
NaN,0.1005,#VALUE!
NaN,0.09557,#VALUE!
NaN,0.09479,#VALUE!
NaN,0.06693,#VALUE!
NaN,0.06484,#VALUE!
NaN,0.05443,#VALUE!
NaN,0.0513,#VALUE!
NaN,0.1047,#VALUE!
NaN,0.05547,#VALUE!
NaN,0.04844,#VALUE!
NaN,0.04844,#VALUE!
NaN,0.05573,#VALUE!
NaN,0.05104,#VALUE!
0,0,0
0.027192751,1.563,0.001699547
0.051177343,2.868,0.003198584
0.069144011,3.968,0.004321501
0.099493808,4.966,0.006218363
0.138144886,5.867,0.008634055
0.168400829,6.678,0.010525052
0.186887678,7.468,0.01168048
0.223000833,8.207,0.013937552
0.223124146,7.918,0.013945259
0.225020768,7.756,0.014063798
0.225829322,7.656,0.014114333
0.226973131,7.584,0.014185821
0.230319609,7.528,0.014394976
0.259316418,8.831,0.016207276
0.289794075,9.676,0.01811213
0.322719289,10.45,0.020169956
0.354578327,11.19,0.022161145
0.38710735,11.92,0.024194209
0.424744744,12.62,0.026546547
0.436502182,11.13,0.027281386
0.431017428,9.937,0.026938589
0.401089616,8.313,0.025068101
0.368264462,6.794,0.023016529
0.342385264,5.38,0.021399079
0.31153164,4.024,0.019470727
0.285374917,2.743,0.017835932
0.252995876,1.637,0.015812242
0.226695568,0.6125,0.014168473
0.199977153,-0.3898,0.012498572
0.179148768,-1.403,0.011196798
0.150773322,-2.294,0.009423333
0.129691901,-3.122,0.008105744
0.102708068,-4.035,0.006419254
0.080672904,-4.986,0.005042056
0.051105236,-5.96,0.003194077
0.016987976,-6.889,0.001061748
-0.006171862,-7.814,-0.000385741
-0.040277104,-8.681,-0.002517319
-0.073579828,-9.532,-0.004598739
-0.104204318,-10.36,-0.00651277
-0.130919094,-11.19,-0.008182443
-0.170621792,-12.04,-0.010663862
-0.202268073,-12.88,-0.012641755
-0.230933232,-13.76,-0.014433327
-0.269570918,-14.62,-0.016848182
-0.304641118,-15.49,-0.01904007
-0.318139702,-15.28,-0.019883731
-0.33729706,-13.65,-0.021081066
-0.327904759,-13.58,-0.020494047
-0.308361349,-12.63,-0.019272584
-0.282406655,-10.63,-0.017650416
-0.248444782,-8.948,-0.015527799
-0.223341872,-7.43,-0.013958867
-0.187036347,-6.057,-0.011689772
-0.161423884,-4.816,-0.010088993
-0.136273169,-3.62,-0.008517073
-0.108190454,-2.495,-0.006761903
-0.075243696,-1.417,-0.004702731
-0.050809895,-0.3628,-0.003175618
-0.026642752,0.6505,-0.001665172
0.002458155,1.6,0.000153635
0.023099872,2.333,0.001443742
0.040345743,3.208,0.002521609
0.070874097,4.123,0.004429631
0.097487331,5.046,0.006092958
0.125632112,5.979,0.007852007
0.15751634,6.905,0.009844771
0.180882595,7.817,0.011305162
0.211932565,8.738,0.013245785
0.238565796,9.655,0.014910362
0.272151971,10.57,0.017009498
0.313765758,11.51,0.01961036
0.342472829,12.42,0.021404552
0.371918613,13.29,0.023244913
0.405419684,14.1,0.02533873
0.432177665,14.78,0.027011104
0.444766496,13.27,0.027797906
0.444034616,13.32,0.027752164
0.435939119,13.43,0.027246195
0.436021465,13.83,0.027251342
0.438825141,13.77,0.027426571
0.424768745,11.8,0.026548047
0.388146343,10.28,0.024259146
0.359253919,8.905,0.02245337
0.328630303,7.67,0.020539394
0.297826066,6.401,0.018614129
0.262771445,5.189,0.016423215
0.236417578,3.98,0.014776099
0.203839931,2.879,0.012739996
0.176216232,1.866,0.011013514
0.146806943,0.9273,0.009175434
0.123037551,-0.00938,0.007689847
0.09513075,-0.9396,0.005945672
0.078477673,-1.818,0.004904855
0.05353395,-2.634,0.003345872
0.030253084,-3.504,0.001890818
0.001288192,-4.515,8.0512E-05
-0.02345731,-5.572,-0.001466082
-0.047478719,-6.65,-0.00296742
-0.081475089,-7.723,-0.005092193
-0.112002493,-8.765,-0.007000156
-0.14511238,-9.821,-0.009069524
-0.167457511,-10.9,-0.010466094
-0.201264757,-12.02,-0.012579047
-0.233279558,-13.15,-0.014579972
-0.259433099,-14.3,-0.016214569
-0.294714212,-15.43,-0.018419638
-0.304683029,-15.41,-0.019042689
-0.320066712,-14.52,-0.02000417
-0.31868391,-14.54,-0.019917744
-0.308197714,-13.85,-0.019262357
-0.27676937,-11.93,-0.017298086
-0.252387205,-10.15,-0.0157742
-0.215336674,-8.503,-0.013458542
-0.191997772,-7.03,-0.011999861
-0.14862129,-5.707,-0.009288831
-0.118488466,-4.441,-0.007405529
-0.098654526,-3.279,-0.006165908
-0.062169967,-2.169,-0.003885623
-0.040588322,-1.103,-0.00253677
-0.005038976,-0.06823,-0.000314936
0.012655197,0.9453,0.00079095
0.03583843,1.781,0.002239902
0.058586063,2.616,0.003661629
0.08138546,3.497,0.005086591
0.116179755,4.406,0.007261235
0.132680117,5.324,0.008292507
0.165293368,6.245,0.010330836
0.193373911,7.183,0.012085869
0.229458599,8.104,0.014341162
0.252116305,9.069,0.015757269
0.285653365,10.03,0.017853335
0.323642843,11.03,0.020227678
0.351928868,12.01,0.021995554
0.383048419,13.01,0.023940526
0.418408226,13.97,0.026150514
0.448206046,14.85,0.028012878
0.487138897,15.66,0.030446181
0.516531846,16.43,0.03228324
0.544896779,17.14,0.034056049
0.585142668,17.8,0.036571417
0.617340368,18.43,0.038583773
0.655934898,19.04,0.040995931
0.69182389,19.65,0.043238993
0.732911774,20.23,0.045806986
0.76800579,20.8,0.048000362
0.787683481,20.99,0.049230218
0.792416384,19.98,0.049526024
0.797216461,19.41,0.049826029
0.770261461,17.81,0.048141341
0.725027447,16.37,0.045314215
0.690521428,15.18,0.043157589
0.66462539,14,0.041539087
0.626469494,12.85,0.039154343
0.593709498,11.8,0.037106844
0.565603451,10.74,0.035350216
0.531866857,9.663,0.033241679
0.491549096,8.639,0.030721819
0.46894477,7.619,0.029309048
0.438485595,6.584,0.02740535
0.408080047,5.539,0.025505003
0.374204798,4.524,0.0233878
0.335605512,3.517,0.020975345
0.307011309,2.586,0.019188207
0.282466596,1.687,0.017654162
0.253213825,0.8435,0.015825864
0.229579643,-0.00547,0.014348728
0.197079283,-0.8529,0.012317455
0.17109478,-1.686,0.010693424
0.147651115,-2.444,0.009228195
0.123545211,-3.196,0.007721576
0.097372436,-4.139,0.006085777
0.067329121,-5.157,0.00420807
0.037798855,-6.149,0.002362428
0.007357388,-7.11,0.000459837
-0.02076379,-8.093,-0.001297737
-0.051069839,-9.091,-0.003191865
-0.084676081,-10.11,-0.005292255
-0.109131709,-11.17,-0.006820732
-0.138267231,-12.24,-0.008641702
-0.174232739,-13.33,-0.010889546
-0.212608524,-14.45,-0.013288033
-0.240728129,-15.57,-0.015045508
-0.267227275,-16.64,-0.016701705
-0.310221941,-17.65,-0.019388871
-0.329758774,-18.63,-0.020609923
-0.369973126,-19.57,-0.02312332
-0.406254464,-20.47,-0.025390904
-0.435906337,-21.33,-0.027244146
-0.472927852,-22.17,-0.029557991
-0.505369663,-22.99,-0.031585604
-0.540271839,-23.79,-0.03376699
-0.582750889,-24.57,-0.036421931
-0.616104228,-25.35,-0.038506514
-0.631876989,-23.87,-0.039492312
-0.603018121,-22.5,-0.037688633
-0.576077088,-20.59,-0.036004818
-0.538783293,-18.88,-0.033673956
-0.511329443,-17.34,-0.03195809
-0.475799045,-15.91,-0.02973744
-0.443200273,-14.48,-0.027700017
-0.413306125,-13.05,-0.025831633
-0.386024045,-11.74,-0.024126503
-0.358550054,-10.52,-0.022409378
-0.320600865,-9.298,-0.020037554
-0.28101348,-8.17,-0.017563343
-0.261572185,-7.068,-0.016348262
-0.228994634,-6.019,-0.014312165
-0.19724909,-4.968,-0.012328068
-0.168856892,-3.936,-0.010553556
-0.145501334,-2.962,-0.009093833
-0.105583645,-2.022,-0.006598978
-0.075353503,-1.111,-0.004709594
-0.047152956,-0.2206,-0.00294706
-0.025464508,0.6589,-0.001591532
0.003790978,1.516,0.000236936
0.025487728,2.216,0.001592983
0.055783402,2.936,0.003486463
0.080186406,3.757,0.00501165
0.100314164,4.553,0.006269635
0.130106866,5.39,0.008131679
0.165832054,6.22,0.010364503
0.190333877,7.07,0.011895867
0.231519474,7.909,0.014469967
0.259537353,8.757,0.016221085
0.297176059,9.592,0.018573504
0.318332037,10.44,0.019895752
0.356342141,11.28,0.022271384
0.381933861,12.13,0.023870866
0.41693097,12.97,0.026058186
0.459928625,13.83,0.028745539
0.494178988,14.72,0.030886187
0.515898596,15.58,0.032243662
0.554989893,16.4,0.034686868
0.586179273,17.21,0.036636205
0.620223936,18.02,0.038763996
0.661213343,18.8,0.041325834
0.691227897,19.6,0.043201744
0.72684218,20.38,0.045427636
0.769066686,21.12,0.048066668
0.803277681,21.83,0.050204855
0.81268236,20.85,0.050792648
0.804157026,19.81,0.050259814
0.759435967,18.4,0.047464748
0.735362357,17.02,0.045960147
0.695366304,15.87,0.043460394
0.671796783,14.71,0.041987299
0.63598653,13.6,0.039749158
0.597680097,12.51,0.037355006
0.568316741,11.44,0.035519796
0.528698705,10.41,0.033043669
0.501605858,9.4,0.031350366
0.473535679,8.398,0.02959598
0.441777051,7.387,0.027611066
0.405661758,6.371,0.02535386
0.37460763,5.345,0.023412977
0.34433821,4.364,0.021521138
0.310508058,3.424,0.019406754
0.285959158,2.513,0.017872447
0.245703616,1.661,0.015356476
0.218935056,0.8299,0.013683441
0.195032014,0.02109,0.012189501
0.163022999,-0.8237,0.010188937
0.141722315,-1.639,0.008857645
0.113969988,-2.384,0.007123124
0.093274389,-3.13,0.005829649
0.069310455,-4.071,0.004331903
0.028346702,-4.989,0.001771669
0.005423953,-5.891,0.000338997
-0.02100228,-6.847,-0.001312643
-0.049243537,-7.781,-0.003077721
-0.082842441,-8.735,-0.005177653
-0.108648163,-9.706,-0.00679051
-0.148364062,-10.69,-0.009272754
-0.172822855,-11.7,-0.010801428
-0.208878474,-12.73,-0.013054905
-0.238210003,-13.79,-0.014888125
-0.272198879,-14.87,-0.01701243
-0.308722965,-15.96,-0.019295185
-0.335314085,-17.03,-0.02095713
-0.36949816,-18.13,-0.023093635
-0.405141589,-19.21,-0.025321349
-0.431574723,-20.27,-0.02697342
-0.462268516,-21.35,-0.028891782
-0.497206067,-22.4,-0.031075379
-0.534137513,-23.45,-0.033383595
-0.565966943,-24.44,-0.035372934
-0.601493781,-25.41,-0.037593361
-0.614032858,-24.22,-0.038377054
-0.607413233,-24.19,-0.037963327
-0.587668905,-23.1,-0.036729307
-0.554086329,-21.12,-0.034630396
-0.5226481,-19.45,-0.032665506
-0.494977762,-17.89,-0.03093611
-0.462129462,-16.4,-0.028883091
-0.427264757,-14.89,-0.026704047
-0.409181144,-13.56,-0.025573822
-0.371500424,-12.21,-0.023218777
-0.331917744,-10.97,-0.020744859
-0.309858675,-9.784,-0.019366167
-0.269113367,-8.54,-0.016819585
-0.246845278,-7.474,-0.01542783
-0.211657431,-6.432,-0.013228589
-0.184619327,-5.308,-0.011538708
-0.148191841,-4.285,-0.00926199
-0.114857467,-3.336,-0.007178592
-0.091216594,-2.345,-0.005701037
-0.052051787,-1.38,-0.003253237
-0.030387548,-0.5292,-0.001899222
-0.007270859,0.3206,-0.000454429
0.020954607,1.189,0.001309663
0.048136854,1.992,0.003008553
0.068252812,2.671,0.004265801
0.098356385,3.452,0.006147274
0.133187545,4.294,0.008324222
0.157948889,5.144,0.009871806
0.190310613,5.926,0.011894413
0.22044141,6.82,0.013777588
0.256703382,7.661,0.016043961
0.283494945,8.501,0.017718434
0.313451891,9.329,0.019590743
0.345059044,10.17,0.02156619
0.380432405,11.02,0.023777025
0.408360466,11.87,0.025522529
0.443663716,12.75,0.027728982
0.475470287,13.63,0.029716893
0.510232935,14.56,0.031889558
0.53792195,15.42,0.033620122
0.569965868,16.27,0.035622867
0.605027918,17.13,0.037814245
0.641313307,17.98,0.040082082
0.674721244,18.84,0.042170078
0.715002325,19.69,0.044687645
0.743135625,20.55,0.046445977
0.772544402,21.36,0.048284025
0.819358792,22.12,0.051209924
0.853241662,22.84,0.053327604
0.886649873,23.5,0.055415617
0.917488755,24.15,0.057343047
0.952977715,24.78,0.059561107
0.989798306,25.42,0.061862394
1.029067335,26,0.064316708
1.066663352,26.59,0.066666459
1.098883738,27.14,0.068680234
1.141308512,27.66,0.071331782
1.174618223,28.19,0.073413639
1.218861609,28.72,0.076178851
1.25387998,29.26,0.078367499
1.293027625,29.79,0.080814227
1.327431449,30.34,0.082964466
1.364590796,30.87,0.085286925
1.405789927,31.39,0.08786187
1.435243526,31.93,0.08970272
1.474739903,32.44,0.092171244
1.515294168,32.93,0.094705886
1.530382045,33.01,0.095648878
1.545511304,31.76,0.096594456
1.548659467,31.83,0.096791217
1.544086507,31.02,0.096505407
1.512036926,29.81,0.094502308
1.482563518,28.35,0.09266022
1.453697519,27.2,0.090856095
1.405865704,25.97,0.087866606
1.37667941,24.77,0.086042463
1.346221696,23.84,0.084138856
1.305866397,22.78,0.08161665
1.278691161,21.71,0.079918198
1.242996766,20.77,0.077687298
1.208715314,19.85,0.075544707
1.175154743,18.81,0.073447171
1.149146449,17.86,0.071821653
1.11127455,17.05,0.069454659
1.081944903,16.08,0.067621556
1.043905768,15.16,0.065244111
1.007894827,14.3,0.062993427
0.969666835,13.44,0.060604177
0.935648766,12.62,0.058478048
0.906381413,11.79,0.056648838
0.875176552,10.92,0.054698534
0.841238883,10.06,0.05257743
0.805278014,9.252,0.050329876
0.777294156,8.479,0.048580885
0.741233715,7.702,0.046327107
0.709105873,6.801,0.044319117
0.668607054,5.966,0.041787941
0.643126855,5.089,0.040195428
0.608857023,4.235,0.038053564
0.571009191,3.411,0.035688074
0.534727766,2.647,0.033420485
0.507052423,1.872,0.031690776
0.482007725,1.134,0.030125483
0.451108118,0.3885,0.028194257
0.419227286,-0.3719,0.026201705
0.395166898,-1.138,0.024697931
0.367545798,-1.858,0.022971612
0.345851456,-2.527,0.021615716
0.313381469,-3.188,0.019586342
0.281982248,-3.968,0.01762389
0.254546665,-4.76,0.015909167
0.224999501,-5.588,0.014062469
0.194862648,-6.432,0.012178916
0.165143541,-7.285,0.010321471
0.120326011,-8.179,0.007520376
0.09731426,-9.006,0.006082141
0.068335742,-9.854,0.004270984
0.0333085,-10.71,0.002081781
0.001376291,-11.62,8.60182E-05
-0.027892462,-12.56,-0.001743279
-0.067609383,-13.52,-0.004225586
-0.093439203,-14.49,-0.00583995
-0.128457294,-15.45,-0.008028581
-0.170970817,-16.4,-0.010685676
-0.198925392,-17.36,-0.012432837
-0.229936113,-18.32,-0.014371007
-0.271027703,-19.31,-0.016939231
-0.300697157,-20.27,-0.018793572
-0.334917216,-21.3,-0.020932326
-0.367793209,-22.28,-0.022987076
-0.400893967,-23.24,-0.025055873
-0.429823508,-24.19,-0.026863969
-0.466783769,-25.13,-0.029173986
-0.504298389,-26,-0.031518649
-0.536262862,-26.86,-0.033516429
-0.568561428,-27.69,-0.035535089
-0.607476567,-28.5,-0.037967285
-0.640699058,-29.28,-0.040043691
-0.678110577,-30.05,-0.042381911
-0.721433164,-30.78,-0.045089573
-0.75180078,-31.51,-0.046987549
-0.788889804,-32.21,-0.049305613
-0.831144869,-32.92,-0.051946554
-0.866597144,-33.57,-0.054162321
-0.894261626,-34.25,-0.055891352
-0.937240299,-34.88,-0.058577519
-0.974830812,-35.49,-0.060926926
-1.016483801,-36.1,-0.063530238
-1.050310206,-36.68,-0.065644388
-1.098836131,-37.28,-0.068677258
-1.143449302,-37.86,-0.071465581
-1.179066259,-38.43,-0.073691641
-1.207045819,-39,-0.075440364
-1.246176454,-39.54,-0.077886028
-1.289388551,-39.78,-0.080586784
-1.297827668,-37.71,-0.081114229
-1.288086035,-37.01,-0.080505377
-1.245779023,-35.61,-0.077861189
-1.21575848,-34.1,-0.075984905
-1.185348415,-32.63,-0.074084276
-1.14323953,-31.26,-0.071452471
-1.117317341,-29.95,-0.069832334
-1.07784677,-28.69,-0.067365423
-1.044191413,-27.46,-0.065261963
-1.009822557,-26.3,-0.06311391
-0.979801463,-25.1,-0.061237591
-0.944417364,-23.89,-0.059026085
-0.910422245,-22.67,-0.05690139
-0.879317138,-21.53,-0.054957321
-0.841414003,-20.52,-0.052588375
-0.813531198,-19.42,-0.0508457
-0.782247217,-18.28,-0.048890451
-0.748937353,-17.31,-0.046808585
-0.716344399,-16.27,-0.044771525
-0.6794314,-15.16,-0.042464462
-0.646109684,-14.17,-0.040381855
-0.615240687,-13.19,-0.038452543
-0.57639342,-12.1,-0.036024589
-0.543352024,-11.14,-0.033959501
-0.506605922,-10.26,-0.03166287
-0.477515099,-9.246,-0.029844694
-0.443058434,-8.274,-0.027691152
-0.414006095,-7.396,-0.025875381
-0.381286185,-6.535,-0.023830387
-0.345286843,-5.684,-0.021580428
-0.319989448,-4.839,-0.01999934
-0.293112381,-3.985,-0.018319524
-0.246686035,-3.142,-0.015417877
-0.221623539,-2.319,-0.013851471
-0.190410317,-1.514,-0.011900645
-0.164456391,-0.7208,-0.010278524
-0.126503154,0.04245,-0.007906447
-0.094581172,0.8242,-0.005911323
-0.064513684,1.579,-0.004032105
-0.034964767,2.187,-0.002185298
-0.013403569,2.825,-0.000837723
0.013470233,3.541,0.00084189
0.042654809,4.269,0.002665926
0.07173182,4.988,0.004483239
0.099258361,5.692,0.006203648
0.13870382,6.426,0.008668989
0.1748884,7.129,0.010930525
0.194854243,7.83,0.01217839
0.240522508,8.541,0.015032657
0.266529296,9.273,0.016658081
0.303101378,9.983,0.018943836
0.335261534,10.72,0.020953846
0.371043143,11.44,0.023190196
0.41116607,12.18,0.025697879
0.440376864,12.93,0.027523554
0.466747968,13.67,0.029171748
0.503215353,14.42,0.03145096
0.541935379,15.15,0.033870961
0.575755892,15.9,0.035984743
0.603295923,16.62,0.037705995
0.648970202,17.34,0.040560638
0.676655329,18.06,0.042290958
0.720594456,18.78,0.045037153
0.757813806,19.51,0.047363363
0.79189434,20.21,0.049493396
0.821667399,20.92,0.051354212
0.857133072,21.61,0.053570817
0.89611374,22.34,0.056007109
0.934136663,23.06,0.058383541
0.967368882,23.76,0.060460555
1.004625116,24.52,0.06278907
1.03972254,25.23,0.064982659
1.074877844,25.96,0.067179865
1.110511304,26.66,0.069406956
1.149268852,27.38,0.071829303
1.171014296,28.09,0.073188394
1.216916974,28.81,0.076057311
1.249886127,29.53,0.078117883
1.282867695,30.25,0.080179231
1.324043832,30.97,0.08275274
1.35695771,31.67,0.084809857
1.393383948,32.34,0.087086497
1.431390578,33,0.089461911
1.474652179,33.63,0.092165761
1.502541737,34.27,0.093908859
1.52802346,34.81,0.095501466
1.540712119,34.4,0.096294507
1.547701198,33.15,0.096731325
1.543968377,32.99,0.096498024
1.519018195,31.11,0.094938637
1.475927967,30.04,0.092245498
1.441250567,28.62,0.09007816
1.410343907,27.49,0.088146494
1.384124348,26.24,0.086507772
1.345678032,25.1,0.084104877
1.314487675,24.01,0.08215548
1.285645331,22.97,0.080352833
1.249483426,21.95,0.078092714
1.216092797,20.98,0.0760058
1.190322223,20.03,0.074395139
1.14916511,19.12,0.071822819
1.114263767,18.22,0.069641485
1.079062618,17.3,0.067441414
1.046694484,16.36,0.065418405
1.004449579,15.45,0.062778099
0.977706673,14.55,0.061106667
0.940757194,13.69,0.058797325
0.904484084,12.88,0.056530255
0.871557397,12.02,0.054472337
0.844573243,11.12,0.052785828
0.808138223,10.35,0.050508639
0.775247685,9.536,0.04845298
0.743563495,8.722,0.046472718
0.713945756,7.895,0.04462161
0.675456288,7.065,0.042216018
0.645080204,6.226,0.040317513
0.603121521,5.4,0.037695095
0.564279561,4.595,0.035267473
0.53943596,3.78,0.033714748
0.502268427,3.008,0.031391777
0.477222256,2.265,0.029826391
0.451359074,1.535,0.028209942
0.41533777,0.818,0.025958611
0.388537604,0.08802,0.0242836
0.357519895,-0.6292,0.022344993
0.322983401,-1.351,0.020186463
0.300040516,-2.01,0.018752532
0.270749833,-2.649,0.016921865
0.239343158,-3.335,0.014958947
0.214639313,-4.11,0.013414957
0.182342367,-4.895,0.011396398
0.149398775,-5.705,0.009337423
0.115636292,-6.51,0.007227268
0.092276216,-7.28,0.005767264
0.052031606,-8.06,0.003251975
0.019592145,-8.857,0.001224509
-0.005119886,-9.663,-0.000319993
-0.04574155,-10.49,-0.002858847
-0.073360711,-11.33,-0.004585044
-0.10240871,-12.17,-0.006400544
-0.134295605,-13.03,-0.008393475
-0.174361622,-13.9,-0.010897601
-0.209534277,-14.77,-0.013095892
-0.242962816,-15.67,-0.015185176
-0.280541619,-16.57,-0.017533851
-0.31362545,-17.47,-0.019601591
-0.343044026,-18.36,-0.021440252
-0.37572381,-19.26,-0.023482738
-0.413160714,-20.15,-0.025822545
-0.441987279,-21.06,-0.027624205
-0.477908722,-21.94,-0.029869295
-0.509769363,-22.86,-0.031860585
-0.543826928,-23.77,-0.033989183
-0.58488545,-24.7,-0.036555341
-0.61857437,-25.59,-0.038660898
-0.647753493,-26.46,-0.040484593
-0.69431685,-27.34,-0.043394803
-0.72168193,-28.19,-0.045105121
-0.755160584,-29.08,-0.047197537
-0.794142511,-29.96,-0.049633907
-0.830397034,-30.88,-0.051899815
-0.86530891,-31.74,-0.054081807
-0.897152504,-32.62,-0.056072032
-0.942441846,-33.47,-0.058902615
-0.975478638,-34.33,-0.060967415
-1.013108328,-35.17,-0.063319271
-1.055243503,-35.99,-0.065952719
-1.081340106,-36.82,-0.067583757
-1.123061743,-37.61,-0.070191359
-1.166387575,-38.38,-0.072899223
-1.208278314,-39.13,-0.075517395
-1.237806064,-39.82,-0.077362879
-1.272825704,-39.99,-0.079551607
-1.281097599,-38.63,-0.0800686
-1.262861344,-38.63,-0.078928834
-1.195982245,-35.09,-0.07474889
-1.126051689,-32.27,-0.070378231
-1.060099535,-29.68,-0.066256221
-0.991560355,-27.29,-0.061972522
-0.928248588,-24.9,-0.058015537
-0.858337679,-22.55,-0.053646105
-0.800366404,-20.36,-0.0500229
-0.726875349,-18.2,-0.045429709
-0.651988889,-16.14,-0.040749306
-0.582368404,-14.12,-0.036398025
-0.510889885,-12.12,-0.031930618
-0.447610928,-10.1,-0.027975683
-0.387188713,-8.267,-0.024199295
-0.32082059,-6.521,-0.020051287
-0.250512469,-4.758,-0.015657029
-0.191496027,-3.068,-0.011968502
-0.123656256,-1.433,-0.007728516
-0.062125013,0.1049,-0.003882813
-0.006460776,1.586,-0.000403799
0.037188935,2.893,0.002324308
0.104111682,4.247,0.00650698
0.175013717,5.676,0.010938357
0.236902082,7.197,0.01480638
0.303370593,8.586,0.018960662
0.370292865,10.08,0.023143304
0.432944816,11.55,0.027059051
0.495896618,13.07,0.030993539
0.571762269,14.57,0.035735142
0.63795569,16.09,0.039872231
0.714857155,17.61,0.044678572
0.777729957,19.1,0.048608122
0.854637855,20.62,0.053414866
0.92221446,22.11,0.057638404
0.991193944,23.63,0.061949621
1.06197274,25.17,0.066373296
1.135975857,26.74,0.070998491
1.196702702,28.3,0.074793919
1.276398397,29.88,0.0797749
1.341062315,31.49,0.083816395
1.409644557,33.03,0.088102785
1.47982518,34.49,0.092489074
1.560566566,35.85,0.09753541
1.62725229,37.09,0.101703268
1.701640575,38.29,0.106352536
1.775979512,39.42,0.110998719
1.849907554,40.49,0.115619222
1.927538621,41.52,0.120471164
2.006812889,42.45,0.125425806
2.092767811,43.37,0.130797988
2.168373507,44.25,0.135523344
2.243158962,45.09,0.140197435
2.276995333,42.5,0.142312208
2.213169179,39.82,0.138323074
2.146971429,37.38,0.134185714
2.07016365,35.19,0.129385228
2.006686449,33.1,0.125417903
1.936892696,31.08,0.121055794
1.866839564,29.04,0.116677473
1.793362763,27.13,0.112085173
1.725032763,25.21,0.107814548
1.657118063,23.36,0.103569879
1.591577613,21.55,0.099473601
1.518602698,19.83,0.094912669
1.447059449,18.12,0.090441216
1.38051905,16.44,0.086282441
1.310807471,14.9,0.081925467
1.240840163,13.34,0.07755251
1.167576349,11.78,0.072973522
1.102968349,10.27,0.068935522
1.028703366,8.868,0.06429396
0.96362783,7.37,0.060226739
0.891438368,5.892,0.055714898
0.827409159,4.394,0.051713072
0.766340084,2.95,0.047896255
0.697288413,1.577,0.043580526
0.63226605,0.2331,0.039516628
0.574748048,-1.132,0.035921753
0.516253425,-2.369,0.032265839
0.456183787,-3.599,0.028511487
0.388683346,-5.004,0.024292709
0.33376998,-6.484,0.020860624
0.26661533,-7.921,0.016663458
0.198659253,-9.391,0.012416203
0.126226238,-10.92,0.00788914
0.06429891,-12.5,0.004018682
-0.003803757,-14.09,-0.000237735
-0.072869337,-15.73,-0.004554334
-0.143669522,-17.37,-0.008979345
-0.211104991,-19.05,-0.013194062
-0.285941935,-20.76,-0.017871371
-0.358048714,-22.44,-0.022378045
-0.422510959,-24.16,-0.026406935
-0.493861429,-25.84,-0.030866339
-0.565607992,-27.48,-0.0353505
-0.633788843,-29.11,-0.039611803
-0.709393287,-30.77,-0.04433708
-0.781984922,-32.42,-0.048874058
-0.857030665,-34.06,-0.053564417
-0.930973635,-35.66,-0.058185852
-1.004679393,-37.21,-0.062792462
-1.077240877,-38.73,-0.067327555
-1.158932454,-40.15,-0.072433278
-1.236371502,-41.45,-0.077273219
-1.31192052,-42.67,-0.081995032
-1.392537083,-43.8,-0.087033568
-1.479550632,-44.85,-0.092471914
-1.554507129,-45.85,-0.097156696
-1.651242587,-46.79,-0.103202662
-1.738661714,-47.62,-0.108666357
-1.820649647,-48.45,-0.113790603
-1.90936395,-49.22,-0.119335247
-1.995416653,-49.85,-0.124713541
-2.01647304,-47.22,-0.126029565
-2.004456031,-47.19,-0.125278502
-1.953263468,-45.42,-0.122078967
-1.880900848,-43.06,-0.117556303
-1.798894988,-40.76,-0.112430937
-1.733945331,-38.61,-0.108371583
-1.671599697,-36.52,-0.104474981
-1.586274541,-34.43,-0.099142159
-1.509430101,-32.33,-0.094339381
-1.433894739,-30.19,-0.089618421
-1.359644741,-28.2,-0.084977796
-1.293242863,-26.26,-0.080827679
-1.219911906,-24.3,-0.076244494
-1.148757545,-22.4,-0.071797347
-1.07853855,-20.5,-0.067408659
-1.005872714,-18.65,-0.062867045
-0.935525939,-16.79,-0.058470371
-0.86502487,-14.98,-0.054064054
-0.796013012,-13.2,-0.049750813
-0.729602149,-11.46,-0.045600134
-0.660882176,-9.729,-0.041305136
-0.58920595,-8.052,-0.036825372
-0.515399018,-6.44,-0.032212439
-0.455404239,-4.824,-0.028462765
-0.390625339,-3.305,-0.024414084
-0.325327293,-1.807,-0.020332956
-0.259866792,-0.3878,-0.016241675
-0.194241822,0.9648,-0.012140114
-0.138738555,2.189,-0.00867116
-0.07516018,3.481,-0.004697511
-0.01371364,4.857,-0.000857103
0.052937173,6.159,0.003308573
0.11565347,7.515,0.007228342
0.176970246,8.817,0.01106064
0.251385889,10.18,0.015711618
0.326425728,11.52,0.020401608
0.387971709,12.93,0.024248232
0.459904629,14.28,0.028744039
0.53575629,15.66,0.033484768
0.606534654,17.02,0.037908416
0.682125633,18.37,0.042632852
0.750432113,19.74,0.046902007
0.826326365,21.09,0.051645398
0.901788553,22.46,0.056361785
0.956390366,23.82,0.059774398
1.040775894,25.16,0.065048493
1.11698709,26.52,0.069811693
1.192763012,27.88,0.074547688
1.265046409,29.24,0.079065401
1.336760652,30.63,0.083547541
1.408362475,32.01,0.088022655
1.480125196,33.4,0.092507825
1.561978491,34.81,0.097623656
1.633842101,36.2,0.102115131
1.705294165,37.58,0.106580885
1.779095977,38.93,0.111193499
1.851962735,40.29,0.115747671
1.919599782,41.61,0.119974986
2.003234649,42.89,0.125202166
2.085376042,44.01,0.130336003
2.158676322,45.16,0.13491727
2.237228341,46.13,0.139826771
2.279476378,46.33,0.142467274
2.30670832,44.73,0.14416927
2.302351082,44.8,0.143896943
2.249437262,42.33,0.140589829
2.183237264,39.92,0.136452329
2.1195765,37.56,0.132473531
2.04973691,35.41,0.128108557
1.984865192,33.34,0.124054074
1.904672011,31.23,0.119042001
1.842928199,29.18,0.115183012
1.772728085,27.28,0.110795505
1.702151714,25.32,0.106384482
1.636344898,23.39,0.102271556
1.564231154,21.55,0.097764447
1.495893819,19.78,0.093493364
1.419178274,18.12,0.088698642
1.356465307,16.46,0.084779082
1.288974014,14.76,0.080560876
1.217166643,13.22,0.076072915
1.151021249,11.66,0.071938828
1.075890788,10.18,0.067243174
1.008843216,8.707,0.063052701
0.943747985,7.27,0.058984249
0.873963767,5.778,0.054622735
0.804781269,4.287,0.050298829
0.734228895,2.856,0.045889306
0.669440147,1.549,0.041840009
0.607807825,0.2133,0.037987989
0.539165696,-1.048,0.033697856
0.47979622,-2.284,0.029987264
0.427408988,-3.513,0.026713062
0.359404562,-4.833,0.022462785
0.290480181,-6.248,0.018155011
0.223988112,-7.622,0.013999257
0.161405213,-9,0.010087826
0.091010942,-10.48,0.005688184
0.031602133,-11.91,0.001975133
-0.050583959,-13.43,-0.003161497
-0.113199046,-14.94,-0.00707494
-0.189156533,-16.48,-0.011822283
-0.261766555,-18.04,-0.01636041
-0.3241242,-19.61,-0.020257762
-0.4032434,-21.17,-0.025202713
-0.47572126,-22.76,-0.029732579
-0.547632186,-24.33,-0.034227012
-0.619708772,-25.86,-0.038731798
-0.694191691,-27.35,-0.043386981
-0.761363078,-28.87,-0.047585192
-0.838757199,-30.39,-0.052422325
-0.906069383,-31.93,-0.056629336
-0.98116333,-33.44,-0.061322708
-1.055588842,-34.94,-0.065974303
-1.135703322,-36.43,-0.070981458
-1.209765682,-37.89,-0.075610355
-1.290098875,-39.33,-0.08063118
-1.369750774,-40.73,-0.085609423
-1.445690074,-42.15,-0.09035563
-1.53477001,-43.47,-0.095923126
-1.610703773,-44.76,-0.100668986
-1.694487217,-45.99,-0.105905451
-1.774321909,-47.15,-0.110895119
-1.862806948,-48.23,-0.116425434
-1.943241011,-49.23,-0.121452563
-1.999168719,-49.41,-0.124948045
-2.014387594,-47.45,-0.125899225
-2.02576057,-47.54,-0.126610036
-2.019183134,-47.61,-0.126198946
-1.973475261,-46.29,-0.123342204
-1.899207472,-43.45,-0.118700467
-1.819587424,-41.13,-0.113724214
-1.748367594,-38.85,-0.109272975
-1.679722755,-36.69,-0.104982672
-1.604298782,-34.63,-0.100268674
-1.526363124,-32.55,-0.095397695
-1.457336917,-30.47,-0.091083557
-1.382329224,-28.51,-0.086395576
-1.319020759,-26.52,-0.082438797
-1.243090906,-24.56,-0.077693182
-1.169332592,-22.71,-0.073083287
-1.092791274,-20.87,-0.068299455
-1.024301841,-18.99,-0.064018865
-0.950652399,-17.26,-0.059415775
-0.88516226,-15.48,-0.055322641
-0.805711328,-13.71,-0.050356958
-0.740735124,-11.97,-0.046295945
-0.678169413,-10.24,-0.042385588
-0.603970254,-8.602,-0.037748141
-0.532184107,-7.012,-0.033261507
-0.462116646,-5.46,-0.02888229
-0.40002819,-3.928,-0.025001762
-0.336410496,-2.46,-0.021025656
-0.265182984,-1.01,-0.016573937
-0.201355555,0.3549,-0.012584722
-0.134471399,1.694,-0.008404462
-0.080079966,2.868,-0.005004998
-0.015507173,4.092,-0.000969198
0.049860983,5.478,0.003116311
0.110946081,6.783,0.00693413
0.177369213,8.104,0.011085576
0.246713553,9.429,0.015419597
0.319258848,10.8,0.019953678
0.385950099,12.17,0.024121881
0.456318652,13.53,0.028519916
0.529706986,14.88,0.033106687
0.601613854,16.26,0.037600866
0.672319945,17.64,0.042019997
0.754453236,19.01,0.047153327
0.8228607,20.42,0.051428794
0.891525896,21.83,0.055720368
0.959324864,23.24,0.059957804
1.034262056,24.61,0.064641378
1.110708605,26.05,0.069419288
1.183229691,27.47,0.073951856
1.254472296,28.89,0.078404519
1.328793493,30.33,0.083049593
1.395632038,31.77,0.087227002
1.473881349,33.22,0.092117584
1.547963746,34.58,0.096747734
1.624880104,36.05,0.101555007
1.688992681,37.52,0.105562043
1.774203179,39.03,0.110887699
1.839758099,40.38,0.114984881
1.913685261,41.83,0.119605329
1.992352675,43.19,0.124522042
2.071630802,44.5,0.129476925
2.147073184,45.7,0.134192074
2.223420206,46.8,0.138963763
2.300998729,47.78,0.143812421
2.379962832,48.72,0.148747677
2.463163012,49.56,0.153947688
2.542542364,50.33,0.158908898
2.623656083,51.05,0.163978505
2.702448404,51.71,0.168903025
2.790281286,52.35,0.17439258
2.874873019,52.92,0.179679564
2.961966229,53.47,0.185122889
3.021472117,53.74,0.188842007
3.043885817,51.15,0.190242864
2.976111406,48.59,0.186006963
2.912393629,46.47,0.182024602
2.840777057,44.45,0.177548566
2.763082136,42.55,0.172692633
2.690675638,40.64,0.168167227
2.613531456,38.72,0.163345716
2.550621891,36.85,0.159413868
2.47718953,34.96,0.154824346
2.414680252,33.09,0.150917516
2.33646533,31.29,0.146029083
2.261941265,29.46,0.141371329
2.196808726,27.7,0.137300545
2.118337797,25.93,0.132396112
2.051942822,24.24,0.128246426
1.973493187,22.56,0.123343324
1.903600056,20.93,0.118975003
1.830264323,19.33,0.11439152
1.762258942,17.78,0.110141184
1.694388833,16.2,0.105899302
1.623501597,14.73,0.10146885
1.546592675,13.27,0.096662042
1.477147724,11.87,0.092321733
1.408782143,10.54,0.088048884
1.343106824,9.181,0.083944176
1.273145368,7.81,0.079571586
1.20689349,6.393,0.075430843
1.129097269,4.991,0.070568579
1.050659452,3.545,0.065666216
0.983008869,2.312,0.061438054
0.91463984,1.101,0.05716499
0.857039177,-0.1513,0.053564949
0.794302243,-1.346,0.04964389
0.731688699,-2.474,0.045730544
0.671847409,-3.682,0.041990463
0.605845974,-4.942,0.037865373
0.534189873,-6.234,0.033386867
0.465793112,-7.504,0.029112069
0.397593934,-8.788,0.024849621
0.329676963,-10.08,0.02060481
0.2624526,-11.44,0.016403288
0.194859836,-12.83,0.01217874
0.114797912,-14.24,0.007174869
0.039724318,-15.65,0.00248277
-0.027180053,-17.07,-0.001698753
-0.097702914,-18.49,-0.006106432
-0.173010847,-19.91,-0.010813178
-0.24978263,-21.35,-0.015611414
-0.324791988,-22.8,-0.020299499
-0.39663966,-24.24,-0.024789979
-0.464423406,-25.66,-0.029026463
-0.538444967,-27.03,-0.03365281
-0.613712569,-28.44,-0.038357036
-0.68975019,-29.83,-0.043109387
-0.763735005,-31.24,-0.047733438
-0.841379559,-32.66,-0.052586222
-0.918710886,-34.05,-0.05741943
-0.987255194,-35.43,-0.06170345
-1.078054904,-36.79,-0.067378431
-1.148095105,-38.16,-0.071755944
-1.231843937,-39.49,-0.076990246
-1.303280539,-40.81,-0.081455034
-1.381787305,-42.12,-0.086361707
-1.473058892,-43.41,-0.092066181
-1.556404271,-44.68,-0.097275267
-1.638278644,-45.9,-0.102392415
-1.719718843,-47.06,-0.107482428
-1.800728001,-48.15,-0.1125455
-1.89336663,-49.18,-0.118335414
-1.979971722,-50.14,-0.123748233
-2.064479867,-51,-0.129029992
-2.153553206,-51.79,-0.134597075
-2.23817881,-52.55,-0.139886176
-2.331186857,-53.19,-0.145699179
-2.417750568,-53.81,-0.151109411
-2.508527794,-54.38,-0.156782987
-2.601597463,-54.9,-0.162599841
-2.690546965,-55.34,-0.168159185
-2.737807638,-54.53,-0.171112977
-2.755085655,-52.34,-0.172192853
-2.755790938,-52.19,-0.172236934
-2.666099237,-49.78,-0.166631202
-2.586033893,-47.65,-0.161627118
-2.509045603,-45.76,-0.15681535
-2.433367119,-43.81,-0.152085445
-2.355319989,-41.93,-0.147207499
-2.274597415,-40.06,-0.142162338
-2.194207606,-38.24,-0.137137975
-2.120980388,-36.45,-0.132561274
-2.036482334,-34.77,-0.127280146
-1.962331157,-33.05,-0.122645697
-1.890020826,-31.37,-0.118126302
-1.798806071,-29.68,-0.112425379
-1.730341321,-27.95,-0.108146333
-1.655095383,-26.28,-0.103443461
-1.578679897,-24.7,-0.098667494
-1.505410263,-23.04,-0.094088141
-1.428694075,-21.44,-0.08929338
-1.354169025,-19.8,-0.084635564
-1.2802379,-18.24,-0.080014869
-1.209518003,-16.56,-0.075594875
-1.133070407,-15.06,-0.0708169
-1.05374066,-13.4,-0.065858791
-0.984016105,-11.87,-0.061501007
-0.913559596,-10.34,-0.057097475
-0.845314677,-8.876,-0.052832167
-0.77083459,-7.445,-0.048177162
-0.701866921,-5.936,-0.043866683
-0.634386152,-4.557,-0.039649135
-0.563072852,-3.157,-0.035192053
-0.490721538,-1.801,-0.030670096
-0.422182422,-0.4927,-0.026386401
-0.363384758,0.7375,-0.022711547
-0.302353833,1.934,-0.018897115
-0.243058133,3.093,-0.015191133
-0.178697072,4.283,-0.011168567
-0.104276221,5.587,-0.006517264
-0.041526256,6.801,-0.002595391
0.024529593,8.062,0.0015331
0.093927935,9.283,0.005870496
0.17111864,10.56,0.010694915
0.245590616,11.83,0.015349413
0.324333323,13.1,0.020270833
0.39627183,14.39,0.024766989
0.459185998,15.66,0.028699125
0.546346574,16.95,0.034146661
0.613520821,18.22,0.038345051
0.698631833,19.48,0.04366449
0.771973475,20.77,0.048248342
0.847146632,22.04,0.052946665
0.920169084,23.32,0.057510568
0.996110452,24.63,0.062256903
1.071664078,25.91,0.066979005
1.152710161,27.2,0.072044385
1.221082832,28.48,0.076317677
1.293167042,29.81,0.08082294
1.373311682,31.1,0.08583198
1.442749613,32.39,0.090171851
1.513607871,33.7,0.094600492
1.60023284,34.95,0.100014553
1.6734424,36.24,0.10459015
1.751991556,37.51,0.109499472
1.823050556,38.77,0.11394066
1.898588831,40.06,0.118661802
1.978785705,41.34,0.123674107
2.05352451,42.57,0.128345282
2.1328078,43.79,0.133300488
2.205503388,45.01,0.137843962
2.286751681,46.18,0.14292198
2.36676522,47.32,0.147922826
2.44167329,48.43,0.152604581
2.515059694,49.5,0.157191231
2.601364128,50.52,0.162585258
2.691033613,51.45,0.168189601
2.767288741,52.3,0.172955546
2.846515325,53.06,0.177907208
2.926238042,53.76,0.182889878
3.016150834,54.39,0.188509427
3.066949584,52.1,0.191684349
3.072930286,52.07,0.192058143
3.057264053,50.66,0.191079003
2.983643798,48.57,0.186477737
2.910489766,46.57,0.18190561
2.845219013,44.58,0.177826188
2.772273061,42.7,0.173267066
2.699472721,40.66,0.168717045
2.631154738,38.86,0.164447171
2.554931549,36.85,0.159683222
2.479574474,35.11,0.154973405
2.410532501,33.18,0.150658281
2.336363006,31.49,0.146022688
2.259603546,29.58,0.141225222
2.196752893,27.91,0.137297056
2.12574924,26.23,0.132859327
2.043307491,24.52,0.127706718
1.968734314,22.84,0.123045895
1.900895192,21.18,0.11880595
1.834742942,19.58,0.114671434
1.758599324,18.08,0.109912458
1.683616256,16.58,0.105226016
1.610922195,15.06,0.100682637
1.539644844,13.63,0.096227803
1.467388817,12.23,0.091711801
1.395794491,10.87,0.087237156
1.33040411,9.533,0.083150257
1.262890316,8.176,0.078930645
1.193862896,6.801,0.074616431
1.121105639,5.389,0.070069102
1.039617456,4.021,0.064976091
0.970668468,2.69,0.060666779
0.903276209,1.398,0.056454763
0.83711896,0.2237,0.052319935
0.77754513,-1.061,0.048596571
0.714653078,-2.199,0.044665817
0.64728143,-3.348,0.040455089
0.583013544,-4.589,0.036438347
0.506593965,-5.883,0.031662123
0.442948211,-7.134,0.027684263
0.372660368,-8.402,0.023291273
0.309326854,-9.69,0.019332928
0.236008246,-10.99,0.014750515
0.166235738,-12.32,0.010389734
0.085639095,-13.66,0.005352443
0.024721962,-15.01,0.001545123
-0.051212768,-16.35,-0.003200798
-0.131612069,-17.68,-0.008225754
-0.200476982,-19,-0.012529811
-0.282847665,-20.35,-0.017677979
-0.358145468,-21.72,-0.022384092
-0.428682252,-23.04,-0.026792641
-0.506045089,-24.35,-0.031627818
-0.579050241,-25.63,-0.03619064
-0.653677381,-26.91,-0.040854836
-0.729115699,-28.24,-0.045569731
-0.808741037,-29.52,-0.050546315
-0.888071735,-30.8,-0.055504483
-0.957932727,-32.12,-0.059870795
-1.038301561,-33.35,-0.064893848
-1.120134648,-34.6,-0.070008415
-1.19649275,-35.87,-0.074780797
-1.277014944,-37.11,-0.079813434
-1.355971559,-38.36,-0.084748222
-1.445241598,-39.6,-0.0903276
-1.519141377,-40.8,-0.094946336
-1.600100686,-41.97,-0.100006293
-1.689507212,-43.12,-0.105594201
-1.766338932,-44.28,-0.110396183
-1.862019355,-45.41,-0.11637621
-1.943183549,-46.52,-0.121448972
-2.034204546,-47.64,-0.127137784
-2.114732743,-48.69,-0.132170796
-2.196845841,-49.7,-0.137302865
-2.281673974,-50.66,-0.142604623
-2.374698936,-51.53,-0.148418683
-2.471062592,-52.39,-0.154441412
-2.557825042,-53.15,-0.159864065
-2.639243357,-53.85,-0.16495271
-2.739124203,-54.46,-0.171195263
-2.775533411,-51.89,-0.173470838
-2.646335099,-48.26,-0.165395944
-2.526956386,-45.19,-0.157934774
-2.413251639,-42.35,-0.150828227
-2.28997612,-39.59,-0.143123508
-2.176515636,-36.96,-0.136032227
-2.061274096,-34.41,-0.128829631
-1.942738178,-31.95,-0.121421136
-1.819978508,-29.52,-0.113748657
-1.709519841,-27.01,-0.10684499
-1.589791578,-24.69,-0.099361974
-1.471783147,-22.24,-0.091986447
-1.359555899,-19.88,-0.084972244
-1.25645954,-17.62,-0.078528721
-1.140806961,-15.27,-0.071300435
-1.025004056,-12.92,-0.064062754
-0.909393537,-10.64,-0.056837096
-0.806943623,-8.392,-0.050433976
-0.709838132,-6.252,-0.044364883
-0.592257638,-4.133,-0.037016102
-0.488246856,-2.102,-0.030515428
-0.392076281,-0.1385,-0.024504768
-0.295277695,1.72,-0.018454856
-0.206829213,3.401,-0.012926826
-0.104521147,5.299,-0.006532572
0.001130254,7.234,7.06408E-05
0.099099092,9.186,0.006193693
0.207886434,11.16,0.012992902
0.327756017,13.12,0.020484751
0.434346857,15.13,0.027146679
0.544077179,17.11,0.034004824
0.657846226,19.05,0.041115389
0.771600368,21,0.048225023
0.886283346,22.98,0.055392709
0.994389533,24.96,0.062149346
1.108252983,26.93,0.069265811
1.220392788,28.91,0.076274549
1.337114971,30.88,0.083569686
1.445748541,32.85,0.090359284
1.563927097,34.77,0.097745444
1.678367171,36.75,0.104897948
1.790530371,38.66,0.111908148
1.899080973,40.57,0.118692561
2.024236832,42.47,0.126514802
2.143756636,44.18,0.13398479
2.257136373,46.09,0.141071023
2.375032564,47.78,0.148439535
2.497158954,49.41,0.156072435
2.613547632,50.9,0.163346727
2.742677198,52.32,0.171417325
2.848052743,53.49,0.178003296
2.991446419,54.49,0.186965401
3.121797727,55.3,0.195112358
3.243974615,56.04,0.202748413
3.373866162,56.55,0.210866635
3.507933349,57.05,0.219245834
3.632417937,57.48,0.227026121
3.768495164,57.8,0.235530948
3.874764106,55.09,0.242172757
3.873360725,54.99,0.242085045
3.83421364,53.28,0.239638352
3.71653609,50.44,0.232283506
3.608569765,48.01,0.22553561
3.497717724,45.42,0.218607358
3.38688242,43.06,0.211680151
3.272218119,40.56,0.204513632
3.153747008,38.16,0.197109188
3.03933471,35.82,0.189958419
2.925840416,33.45,0.182865026
2.813868503,31.06,0.175866781
2.699966242,28.81,0.16874789
2.596695346,26.64,0.162293459
2.481846466,24.39,0.155115404
2.36711049,22.28,0.147944406
2.246917017,20.19,0.140432314
2.141348646,18,0.13383429
2.027903113,16.06,0.126743945
1.916044639,14.07,0.11975279
1.797248162,12.07,0.11232801
1.696561584,10.17,0.106035099
1.594243385,8.311,0.099640212
1.487845625,6.249,0.092990352
1.369155476,4.282,0.085572217
1.268164513,2.334,0.079260282
1.169417724,0.5128,0.073088608
1.061811943,-1.296,0.066363246
0.967344067,-2.986,0.060459004
0.870052427,-4.737,0.054378277
0.765592501,-6.662,0.047849531
0.657776543,-8.469,0.041111034
0.547323141,-10.31,0.034207696
0.44112167,-12.14,0.027570104
0.331749391,-14.05,0.020734337
0.208751619,-16,0.013046976
0.094098016,-17.88,0.005881126
-0.018876656,-19.74,-0.001179791
-0.1323683,-21.58,-0.008273019
-0.249454663,-23.38,-0.015590916
-0.362677029,-25.19,-0.022667314
-0.470861813,-26.93,-0.029428863
-0.589349556,-28.7,-0.036834347
-0.709028929,-30.47,-0.044314308
-0.824627791,-32.23,-0.051539237
-0.949148193,-33.96,-0.059321762
-1.070196784,-35.68,-0.066887299
-1.188996691,-37.35,-0.074312293
-1.312933404,-39.01,-0.082058338
-1.438490071,-40.67,-0.089905629
-1.569183601,-42.28,-0.098073975
-1.691851395,-43.87,-0.105740712
-1.818750699,-45.4,-0.113671919
-1.946599712,-46.9,-0.121662482
-2.084927315,-48.35,-0.130307957
-2.216438595,-49.68,-0.138527412
-2.34501415,-50.99,-0.146563384
-2.486271643,-52.15,-0.155391978
-2.619665283,-53.16,-0.16372908
-2.755063103,-54.02,-0.172191444
-2.887818267,-54.73,-0.180488642
-3.024767577,-55.32,-0.189047974
-3.168605912,-55.82,-0.19803787
-3.312770969,-56.23,-0.207048186
-3.442637396,-56.58,-0.215164837
-3.531237643,-56.35,-0.220702353
-3.560953473,-52.69,-0.222559592
-3.532488988,-51.35,-0.220780562
-3.416556698,-48.81,-0.213534794
-3.29665914,-46.13,-0.206041196
-3.173641884,-43.82,-0.198352618
-3.056186605,-41.43,-0.191011663
-2.933109734,-39.27,-0.183319358
-2.80999539,-37.09,-0.175624712
-2.684475829,-35.08,-0.167779739
-2.570171021,-32.97,-0.160635689
-2.447229259,-30.77,-0.152951829
-2.318767019,-28.72,-0.144922939
-2.195046415,-26.61,-0.137190401
-2.083975836,-24.48,-0.13024849
-1.963754429,-22.4,-0.122734652
-1.846292095,-20.39,-0.115393256
-1.731034598,-18.33,-0.108189662
-1.618760397,-16.21,-0.101172525
-1.499340718,-14.04,-0.093708795
-1.394979164,-11.88,-0.087186198
-1.279153462,-9.852,-0.079947091
-1.176081522,-7.832,-0.073505095
-1.060323772,-5.82,-0.066270236
-0.951247165,-3.828,-0.059452948
-0.85331786,-1.83,-0.053332366
-0.750339874,0.09036,-0.046896242
-0.650374055,1.884,-0.040648378
-0.545656051,3.569,-0.034103503
-0.453040841,5.413,-0.028315053
-0.340692104,7.289,-0.021293257
-0.250077342,9.165,-0.015629834
-0.12782845,11.11,-0.007989278
-0.014422427,13.11,-0.000901402
0.096124411,15.13,0.006007776
0.217103809,17.06,0.013568988
0.338275456,18.89,0.021142216
0.44842111,20.68,0.028026319
0.562654435,22.55,0.035165902
0.67680786,24.5,0.042300491
0.794305435,26.22,0.04964409
0.913010553,28.08,0.05706316
1.033175752,29.77,0.064573484
1.152116801,31.54,0.0720073
1.267578316,33.19,0.079223645
1.388961472,34.86,0.086810092
1.503498939,36.51,0.093968684
1.621661454,38.09,0.101353841
1.745636302,39.68,0.109102269
1.859771519,41.23,0.11623572
1.987445336,42.74,0.124215334
2.110787095,44.17,0.131924193
2.22927948,45.58,0.139329968
2.353676783,46.92,0.147104799
2.484718969,48.07,0.155294936
2.599119786,49.47,0.162444987
2.728237523,50.42,0.170514845
2.864300147,51.5,0.179018759
2.989196623,52.35,0.186824789
3.119293121,53.22,0.19495582
3.246513607,53.91,0.2029071
3.37552164,54.5,0.210970103
3.513334511,55.02,0.219583407
3.647376556,55.39,0.227961035
3.790634176,55.73,0.236914636
3.914761131,56,0.244672571
3.948575626,52.71,0.246785977
3.945029326,52.52,0.246564333
3.936885718,52.45,0.246055357
3.940797228,51.96,0.246299827
3.815497879,48.73,0.238468617
3.697089226,46.22,0.231068077
3.586493104,43.66,0.224155819
3.471232407,41.27,0.216952025
3.357557729,39,0.209847358
3.237405381,36.76,0.202337836
3.119775664,34.55,0.194985979
2.998314014,32.4,0.187394626
2.886302169,30.38,0.180393886
2.772339556,28.28,0.173271222
2.655377843,26.27,0.165961115
2.537100503,24.21,0.158568781
2.418827289,22.22,0.151176706
2.301877909,20.2,0.143867369
2.189534687,18.17,0.136845918
2.080654456,16.24,0.130040903
1.96439023,14.28,0.122774389
1.853563127,12.36,0.115847695
1.743366419,10.52,0.108960401
1.636622197,8.614,0.102288887
1.528255113,6.66,0.095515945
1.415611107,4.67,0.088475694
1.303328837,2.673,0.081458052
1.202233015,0.8779,0.075139563
1.103186041,-0.981,0.068949128
1.001565876,-2.645,0.062597867
0.905105804,-4.482,0.056569113
0.798478761,-6.322,0.049904923
0.687779375,-8.135,0.042986211
0.57644859,-9.963,0.036028037
0.47178532,-11.79,0.029486583
0.351153107,-13.65,0.021947069
0.239913329,-15.53,0.014994583
0.11364042,-17.41,0.007102526
0.004464372,-19.16,0.000279023
-0.1082449,-20.94,-0.006765306
-0.231740276,-22.63,-0.014483767
-0.34884073,-24.3,-0.021802546
-0.464310169,-25.94,-0.029019386
-0.585714865,-27.54,-0.036607179
-0.714206229,-29.14,-0.044637889
-0.829079404,-30.72,-0.051817463
-0.949769664,-32.3,-0.059360604
-1.080626996,-33.76,-0.067539187
-1.199227532,-35.27,-0.074951721
-1.331633121,-36.7,-0.08322707
-1.455225287,-38.13,-0.09095158
-1.583058557,-39.54,-0.09894116
-1.717421426,-40.91,-0.107338839
-1.849067278,-42.24,-0.115566705
-1.978176061,-43.56,-0.123636004
-2.11168967,-44.86,-0.131980604
-2.249229473,-46.1,-0.140576842
-2.386514131,-47.32,-0.149157133
-2.512610084,-48.49,-0.15703813
-2.645905845,-49.66,-0.165369115
-2.789437781,-50.72,-0.174339861
-2.918821378,-51.72,-0.182426336
-3.055285808,-52.63,-0.190955363
-3.18748431,-53.42,-0.199217769
-3.339457577,-54.11,-0.208716099
-3.475422733,-54.7,-0.217213921
-3.608773392,-55.16,-0.225548337
-3.658148226,-52.25,-0.228634264
-3.660993194,-52.34,-0.228812075
-3.653035313,-52.04,-0.228314707
-3.653059298,-51.91,-0.228316206
-3.612106409,-50.73,-0.225756651
-3.453010531,-47.08,-0.215813158
-3.29076168,-43.97,-0.205672605
-3.129689292,-41.02,-0.195605581
-2.960752157,-38.18,-0.18504701
-2.803660929,-35.44,-0.175228808
-2.628862611,-32.74,-0.164303913
-2.463961058,-30.03,-0.153997566
-2.308322112,-27.32,-0.144270132
-2.146596834,-24.61,-0.134162302
-1.988204178,-21.89,-0.124262761
-1.823521269,-19.15,-0.113970079
-1.670124803,-16.37,-0.1043828
-1.510547748,-13.61,-0.094409234
-1.359219446,-10.73,-0.084951215
-1.205859942,-7.98,-0.075366246
-1.060366878,-5.226,-0.06627293
-0.91732086,-2.585,-0.057332554
-0.770855568,0.05026,-0.048178473
-0.650688444,2.371,-0.040668028
-0.520119382,4.829,-0.032507461
-0.378233309,7.351,-0.023639582
-0.220734101,9.975,-0.013795881
-0.083947736,12.65,-0.005246733
0.067708265,15.2,0.004231767
0.226138923,17.84,0.014133683
0.389165888,20.34,0.024322868
0.546276114,22.8,0.034142257
0.701597415,25.16,0.043849838
0.868856452,27.51,0.054303528
1.016401458,29.69,0.063525091
1.190813574,31.86,0.074425848
1.346500584,33.89,0.084156287
1.507965079,35.88,0.094247817
1.678879224,37.76,0.104929951
1.841075049,39.6,0.115067191
2.00112958,41.29,0.125070599
2.175697224,43.15,0.135981076
2.343338839,44.69,0.146458677
2.513975596,46.13,0.157123475
2.683518436,47.7,0.167719902
2.853732095,48.89,0.178358256
3.03329311,50.03,0.189580819
3.200321635,51.06,0.200020102
3.38737476,52.13,0.211710922
3.558059242,52.93,0.222378703
3.735291868,53.45,0.233455742
3.916330183,53.88,0.244770636
4.093309989,54.31,0.255831874
4.279832309,54.68,0.267489519
4.460904457,54.98,0.278806529
4.642251437,55.25,0.290140715
4.699544771,54.06,0.293721548
4.729612228,52.1,0.295600764
4.615430913,48.28,0.288464432
4.454595729,45.13,0.278412233
4.306418735,42.32,0.269151171
4.14938789,39.53,0.259336743
3.986113666,36.93,0.249132104
3.829070508,34.44,0.239316907
3.663652251,32.1,0.228978266
3.50355147,29.69,0.218971967
3.341329944,27.37,0.208833121
3.174448442,25.07,0.198403028
3.016410138,22.75,0.188525634
2.859662845,20.37,0.178728928
2.698934293,17.97,0.168683393
2.543526379,15.59,0.158970399
2.387874127,13.19,0.149242133
2.236957181,10.9,0.139809824
2.093646801,8.536,0.130852925
1.942657981,6.052,0.121416124
1.780472308,3.58,0.111279519
1.638200152,1.245,0.10238751
1.499605303,-1.041,0.093725331
1.373249006,-3.184,0.085828063
1.227430489,-5.474,0.076714406
1.074541454,-7.774,0.067158841
0.9301968,-10.04,0.0581373
0.772341532,-12.36,0.048271346
0.606532369,-14.71,0.037908273
0.460740698,-17,0.028796294
0.291910231,-19.25,0.018244389
0.134179206,-21.47,0.0083862
-0.03127259,-23.58,-0.001954537
-0.184006681,-25.65,-0.011500418
-0.353407129,-27.66,-0.022087946
-0.514749913,-29.62,-0.03217187
-0.680470288,-31.54,-0.042529393
-0.854774528,-33.34,-0.053423408
-1.023622893,-35.12,-0.063976431
-1.196860075,-36.8,-0.074803755
-1.369514128,-38.47,-0.085594633
-1.544160867,-40.09,-0.096510054
-1.722537115,-41.68,-0.10765857
-1.902519607,-43.18,-0.118907475
-2.078388936,-44.67,-0.129899309
-2.258576749,-46.13,-0.141161047
-2.442826414,-47.51,-0.152676651
-2.622557367,-48.8,-0.163909835
-2.807686554,-50,-0.17548041
-3.000878499,-51.11,-0.187554906
-3.182915394,-52.01,-0.198932212
-3.377944727,-52.84,-0.211121545
-3.560976375,-53.5,-0.222561023
-3.754453483,-54.04,-0.234653343
-3.94449106,-54.45,-0.246530691
-4.13518747,-54.76,-0.258449217
-4.326834627,-55.02,-0.270427164
-4.46392188,-54.39,-0.278995118
-4.439934445,-50.97,-0.277495903
-4.28891137,-47.25,-0.268056961
-4.121496412,-44.36,-0.257593526
-3.954191214,-41.72,-0.247136951
-3.791324389,-39.18,-0.236957774
-3.622636137,-36.72,-0.226414759
-3.452765066,-34.31,-0.215797817
-3.285438211,-31.86,-0.205339888
-3.112854336,-29.43,-0.194553396
-2.947233976,-27.02,-0.184202123
-2.779077401,-24.59,-0.173692338
-2.613746071,-22.14,-0.163359129
-2.445612544,-19.68,-0.152850784
-2.292532222,-17.2,-0.143283264
-2.131586503,-14.68,-0.133224156
-1.98179353,-12.12,-0.123862096
-1.815214419,-9.562,-0.113450901
-1.66388316,-7.038,-0.103992698
-1.502084583,-4.503,-0.093880286
-1.358730255,-2.01,-0.084920641
-1.216275637,0.349,-0.076017227
-1.086632966,2.485,-0.06791456
-0.944301514,4.795,-0.059018845
-0.796063585,7.13,-0.049753974
-0.645254828,9.459,-0.040328427
-0.489949269,11.93,-0.030621829
-0.33848467,14.32,-0.021155292
-0.173380612,16.7,-0.010836288
-0.013787513,19.01,-0.00086172
0.153623125,21.24,0.009601445
0.320035968,23.4,0.020002248
0.479816499,25.44,0.029988531
0.650924337,27.35,0.040682771
0.824911525,29.16,0.05155697
0.994061025,30.95,0.062128814
1.161162985,32.64,0.072572687
1.319613635,34.23,0.082475852
1.49190961,35.8,0.093244351
1.670075802,37.24,0.104379738
1.836988361,38.66,0.114811773
2.010993807,39.99,0.125687113
2.184186638,41.22,0.136511665
2.362821832,42.47,0.147676364
2.542260106,43.66,0.158891257
2.717312724,44.71,0.169832045
2.897859495,45.64,0.181116218
3.070726171,46.56,0.191920386
3.24804663,47.53,0.203002914
3.426876119,48.48,0.214179757
3.605036261,49.29,0.225314766
3.789358224,49.99,0.236834889
3.969746496,50.56,0.248109156
4.153412736,51.13,0.259588296
4.343811105,51.59,0.271488194
4.521746997,51.81,0.282609187
4.709232216,51.94,0.294327014
4.514,48.57,0.282125
4.513,48.54,0.2820625
4.487,47.5,0.2804375
4.353,43.78,0.2720625
4.206,40.76,0.262875
4.05,38.17,0.253125
3.889,35.72,0.2430625
3.729,33.3,0.2330625
3.568,31.06,0.223
3.403,28.84,0.2126875
3.233,26.74,0.2020625
3.065,24.59,0.1915625
2.899,22.35,0.1811875
2.736,20.17,0.171
2.578,17.91,0.161125
2.419,15.69,0.1511875
2.262,13.51,0.141375
2.103,11.31,0.1314375
1.956,9.166,0.12225
1.811,6.926,0.1131875
1.656,4.615,0.1035
1.689632697,2.36,0.105602044
1.549772699,0.225,0.096860794
1.401654467,-1.884,0.087603404
1.266401888,-3.87,0.079150118
1.109075341,-6.081,0.069317209
0.963850788,-8.197,0.060240674
0.797257148,-10.04,0.049828572
0.667133793,-11.99,0.041695862
0.50729252,-14.24,0.031705783
0.349064765,-16.41,0.021816548
0.184214246,-18.49,0.01151339
0.015286068,-20.53,0.000955379
-0.155384973,-22.5,-0.009711561
-0.320278835,-24.4,-0.020017427
-0.479023426,-26.29,-0.029938964
-0.649560861,-28.08,-0.040597554
-0.81779829,-29.83,-0.051112393
-0.98460208,-31.53,-0.06153763
-1.16279793,-33.16,-0.072674871
-1.334008834,-34.77,-0.083375552
-1.509526348,-36.31,-0.094345397
-1.687012919,-37.8,-0.105438307
-1.861961933,-39.26,-0.116372621
-2.046407692,-40.67,-0.127900481
-2.224419305,-42.04,-0.139026207
-2.403322005,-43.36,-0.150207625
-2.586787744,-44.62,-0.161674234
-2.769192024,-45.82,-0.173074501
-2.957982871,-46.97,-0.184873929
-3.13599854,-48.05,-0.195999909
-3.324917766,-48.97,-0.20780736
-3.509290682,-49.9,-0.219330668
-3.701081749,-50.68,-0.231317609
-3.888627921,-51.36,-0.243039245
-4.084258024,-51.95,-0.255266126
-4.273524895,-52.48,-0.267095306
-4.468038172,-52.9,-0.279252386
-4.538346863,-49.77,-0.283646679
-4.544987773,-49.6,-0.284061736
-4.357304555,-45.37,-0.272331535
-4.152982735,-42.6,-0.259561421
-3.943432152,-39.38,-0.24646451
-3.733249388,-35.71,-0.233328087
-3.518691104,-32.71,-0.219918194
-3.310570019,-30.38,-0.206910626
-3.099516888,-27.4,-0.193719805
-2.888445454,-24.44,-0.180527841
-2.680933403,-20.92,-0.167558338
-2.478411303,-17.97,-0.154900706
-2.271699322,-15.57,-0.141981208
-2.072712841,-12.53,-0.129544553
-1.872404437,-9.472,-0.117025277
-1.67763783,-5.885,-0.104852364
-1.482980472,-3.562,-0.092686279
-1.297745608,-0.1049,-0.0811091
-1.113682321,1.936,-0.069605145
-0.934805975,5.091,-0.058425373
-0.748042876,7.333,-0.04675268
-0.558253801,10.12,-0.034890863
-0.354834396,13.48,-0.02217715
-0.146838526,16.15,-0.009177408
0.069310193,18.72,0.004331887
0.272475525,20.7,0.01702972
0.482596032,23.11,0.030162252
0.700786585,25.22,0.043799162
0.913008431,27.36,0.057063027
1.128856463,29.76,0.070553529
1.343618507,31.23,0.083976157
1.567808233,33.43,0.097988015
1.777686327,34.72,0.111105395
1.996721693,36.74,0.124795106
2.220893967,37.93,0.138805873
2.440674372,39.45,0.152542148
2.665603552,41.15,0.166600222
2.882091983,42.17,0.180130749
3.107297664,43.53,0.194206104
3.327551209,44.84,0.207971951
3.557415833,45.93,0.22233849
3.783532306,46.67,0.236470769
4.011002166,47.54,0.250687635
4.239601523,48.37,0.264975095
4.463321886,49.02,0.278957618
4.700850386,49.47,0.293803149
4.928140635,49.99,0.30800879
5.161385982,50.43,0.322586624
5.398899067,50.62,0.337431192
5.635477033,50.82,0.352217315
5.869645971,50.84,0.366852873
6.115483098,50.86,0.382217694
6.279633126,50.15,0.39247707
6.332368158,47.15,0.39577301
6.327062574,45.71,0.395441411
6.116788395,41.92,0.382299275
5.926685863,38.83,0.370417866
5.726776118,36.11,0.357923507
5.521319955,33.58,0.345082497
5.310759886,31.18,0.331922493
5.101981019,28.39,0.318873814
4.894886229,26.51,0.305930389
4.680549807,24.24,0.292534363
4.466547263,22.06,0.279159204
4.247625155,19.88,0.265476572
4.042185221,17.63,0.252636576
3.831107558,15.43,0.239444222
3.627700573,13.18,0.226731286
3.419907525,10.58,0.21374422
3.220456274,8.83,0.201278517
3.014296377,6.521,0.188393524
2.799670631,4.203,0.174979414
2.60493493,1.984,0.162808433
2.411650641,-0.2216,0.150728165
2.216526118,-2.303,0.138532882
2.03288038,-4.457,0.127055024
1.832600166,-6.726,0.11453751
1.635913756,-8.942,0.10224461
1.42550008,-11.14,0.089093755
1.216043513,-13.4,0.07600272
1.002491714,-15.57,0.062655732
0.79376296,-17.77,0.049610185
0.578160007,-19.93,0.036135
0.370209328,-22.05,0.023138083
0.148741747,-24.07,0.009296359
-0.057741979,-26.42,-0.003608874
-0.279744957,-28.3,-0.01748406
-0.493733005,-29.74,-0.030858313
-0.711830933,-31.52,-0.044489433
-0.922856869,-33.26,-0.057678554
-1.157221107,-34.9,-0.072326319
-1.37059016,-36.53,-0.085661885
-1.599385801,-38.08,-0.099961613
-1.822502679,-39.57,-0.113906417
-2.042225328,-41.01,-0.127639083
-2.259850846,-42.38,-0.141240678
-2.499564011,-43.67,-0.156222751
-2.72063682,-44.89,-0.170039801
-2.954943279,-46.06,-0.184683955
-3.187443721,-47.35,-0.199215233
-3.419797736,-48.11,-0.213737359
-3.652913933,-49.15,-0.228307121
-3.904264804,-49.71,-0.24401655
-4.132952437,-50.36,-0.258309527
-4.377170516,-51.06,-0.273573157
-4.617696788,-51.38,-0.288606049
-4.857817575,-51.79,-0.303613598
-5.109775013,-52.13,-0.319360938
-5.348730087,-52.36,-0.33429563
-5.594578062,-52.55,-0.349661129
-5.839812335,-52.69,-0.364988271
-6.083982385,-52.52,-0.380248899
-6.104723833,-49.3,-0.38154524
-5.889989907,-44.96,-0.368124369
-5.681527887,-41.95,-0.355095493
-5.463787201,-39.17,-0.3414867
-5.25886714,-36.53,-0.328679196
-5.044151713,-34.06,-0.315259482
-4.829906074,-31.59,-0.30186913
-4.618205296,-29.13,-0.288637831
-4.403247179,-26.73,-0.275202949
-4.192467719,-24.32,-0.262029232
-3.98214348,-21.89,-0.248883968
-3.773911913,-19.46,-0.235869495
-3.565415418,-17.02,-0.222838464
-3.35767369,-14.54,-0.209854606
-3.145565483,-12.07,-0.196597843
-2.942505023,-9.667,-0.183906564
-2.725161996,-7.315,-0.170322625
-2.529357653,-5.001,-0.158084853
-2.322256985,-2.708,-0.145141062
-2.116001945,-0.4445,-0.132250122
-1.920995743,1.697,-0.120062234
-1.736963526,3.677,-0.10856022
-1.532055863,5.798,-0.095753491
-1.326812649,7.902,-0.082925791
-1.119007067,9.956,-0.069937942
-0.900862611,12.08,-0.056303913
-0.680911438,14.1,-0.042556965
-0.461827994,16.03,-0.02886425
-0.247832813,17.97,-0.015489551
-0.025395966,19.87,-0.001587248
0.197951448,21.59,0.012371966
0.420622906,23.39,0.026288932
0.64750736,25,0.04046921
0.86621326,26.55,0.054138329
1.092655053,28.08,0.068290941
1.318881407,29.53,0.082430088
1.549256382,30.85,0.096828524
1.778796819,32.23,0.111174801
2.002762653,33.41,0.125172666
2.232914638,34.63,0.139557165
2.46055657,35.71,0.153784786
2.686350192,36.85,0.167896887
2.920265351,37.78,0.182516584
3.140297208,38.84,0.196268576
3.374989591,39.83,0.210936849
3.602582183,40.67,0.225161386
3.841558248,41.48,0.240097391
4.066340495,42.25,0.254146281
4.303805545,43.02,0.268987847
4.528866294,43.75,0.283054143
4.763408759,44.36,0.297713047
4.997908843,44.89,0.312369303
5.23385373,45.28,0.327115858
5.47207111,45.59,0.342004444
5.712250765,45.82,0.357015673
5.950578219,46.07,0.371911139
6.200777991,46.16,0.387548624
6.431435501,46.41,0.401964719
6.470639085,42.99,0.404414943
6.423571914,40.86,0.401473245
6.226647164,37.02,0.389165448
6.033023339,34.18,0.377063959
5.821163497,31.74,0.363822719
5.616763822,29.44,0.351047739
5.405908045,27.11,0.337869253
5.197717925,25,0.32485737
4.985071109,22.88,0.311566944
4.770369141,20.8,0.298148071
4.555910414,18.84,0.284744401
4.343825737,16.85,0.271489109
4.13217019,14.85,0.258260637
3.910760629,12.95,0.244422539
3.69696149,10.98,0.231060093
3.4876906,9.134,0.217980662
3.277698299,7.214,0.204856144
3.059166877,5.237,0.19119793
2.843499111,3.363,0.177718694
2.640695317,1.542,0.165043457
2.427938275,-0.2099,0.151746142
2.223540057,-1.992,0.138971254
2.036713832,-3.679,0.127294614
1.819777187,-5.486,0.113736074
1.607815956,-7.245,0.100488497
1.397633894,-9.004,0.087352118
1.183659265,-10.77,0.073978704
0.970925666,-12.55,0.060682854
0.751854909,-14.34,0.046990932
0.524516722,-16.1,0.032782295
0.302476201,-17.86,0.018904763
0.080483226,-19.57,0.005030202
-0.141614453,-21.28,-0.008850903
-0.367552116,-23,-0.022972007
-0.584622291,-24.62,-0.036538893
-0.805875126,-26.24,-0.050367195
-1.030525932,-27.82,-0.064407871
-1.254100946,-29.37,-0.078381309
-1.471712649,-30.9,-0.091982041
-1.704333987,-32.39,-0.106520874
-1.922641677,-33.81,-0.120165105
-2.143149454,-35.22,-0.133946841
-2.377750378,-36.64,-0.148609399
-2.602552887,-37.96,-0.162659555
-2.831790717,-39.18,-0.17698692
-3.062142253,-40.38,-0.191383891
-3.286498657,-41.45,-0.205406166
-3.528178232,-42.5,-0.220511139
-3.753429998,-43.54,-0.234589375
-3.988873203,-44.49,-0.249304575
-4.222920239,-45.41,-0.263932515
-4.452629854,-46.22,-0.278289366
-4.687337247,-46.94,-0.292958578
-4.930562709,-47.53,-0.308160169
-5.170966472,-48.09,-0.323185404
-5.404610211,-48.59,-0.337788138
-5.651744229,-49.05,-0.353234014
-5.886048704,-49.44,-0.367878044
-6.068007088,-45.99,-0.379250443
-6.068315234,-46.28,-0.379269702
-6.078899931,-46.37,-0.379931246
-6.004149354,-44.83,-0.375259335
-5.755960021,-40.39,-0.359747501
-5.505988125,-36.93,-0.344124258
-5.252784345,-33.7,-0.328299022
-4.993887509,-30.65,-0.312117969
-4.736914041,-27.74,-0.296057128
-4.484541281,-24.87,-0.28028383
-4.230943784,-22.01,-0.264433987
-3.97515714,-19.25,-0.248447321
-3.72153757,-16.52,-0.232596098
-3.466127128,-13.84,-0.216632945
-3.199983162,-11.24,-0.199998948
-2.948790053,-8.794,-0.184299378
-2.687503297,-6.464,-0.167968956
-2.436497273,-4.134,-0.15228108
-2.178790068,-1.891,-0.136174379
-1.926923326,0.2667,-0.120432708
-1.688657753,2.214,-0.10554111
-1.441232735,4.209,-0.090077046
-1.188448249,6.239,-0.074278016
-0.929311061,8.242,-0.058081941
-0.663677329,10.23,-0.041479833
-0.403840131,12.26,-0.025240008
-0.126383364,14.31,-0.00789896
0.136893351,16.29,0.008555834
0.409020567,18.22,0.025563785
0.686008103,20.16,0.042875506
0.959276365,21.96,0.059954773
1.234884241,23.68,0.077180265
1.506719281,25.34,0.094169955
1.782489183,27.02,0.111405574
2.060420895,28.54,0.128776306
2.33664626,30.05,0.146040391
2.610772073,31.55,0.163173255
2.88853314,32.88,0.180533321
3.160330012,34.25,0.197520626
3.441564596,35.46,0.215097787
3.719191593,36.68,0.232449475
3.998227358,37.58,0.24988921
4.284712908,38.6,0.267794557
4.557347762,39.43,0.284834235
4.844879777,40.27,0.302804986
5.122416349,40.95,0.320151022
5.401681274,41.63,0.33760508
5.691265833,41.98,0.355704115
5.987465086,42.26,0.374216568
6.272985568,42.63,0.392061598
6.571227185,42.76,0.410701699
6.872103525,42.79,0.42950647
7.171922429,42.9,0.448245152
7.474955223,43.01,0.467184701
7.77521669,42.86,0.485951043
8.084368385,42.82,0.505273024
8.234768478,41.9,0.51467303
8.278564219,39.23,0.517410264
8.168631416,35.66,0.510539463
7.935487203,31.96,0.49596795
7.690029866,29.06,0.480626867
7.442048991,26.38,0.465128062
7.188011606,23.93,0.449250725
6.935920376,21.54,0.433495024
6.677264334,19.29,0.417329021
6.428198811,17.03,0.401762426
6.179692617,14.84,0.386230789
5.914218417,12.71,0.369638651
5.660935311,10.6,0.353808457
5.405630488,8.608,0.337851906
5.145314456,6.589,0.321582153
4.886110664,4.659,0.305381916
4.621632414,2.834,0.288852026
4.366808093,1.05,0.272925506
4.111684198,-0.6813,0.256980262
3.857749526,-2.229,0.241109345
3.598378528,-3.872,0.224898658
3.340024291,-5.484,0.208751518
3.074138855,-7.036,0.192133678
2.805462765,-8.593,0.175341423
2.538235936,-10.16,0.158639746
2.269254386,-11.69,0.141828399
1.998279943,-13.22,0.124892496
1.725065857,-14.77,0.107816616
1.44571018,-16.36,0.090356886
1.171179096,-17.9,0.073198693
0.898639809,-19.45,0.056164988
0.625409434,-20.97,0.03908809
0.347761647,-22.47,0.021735103
0.073199936,-23.98,0.004574996
-0.200482807,-25.48,-0.012530175
-0.477031447,-27,-0.029814465
-0.748492926,-28.49,-0.046780808
-1.021949444,-29.94,-0.06387184
-1.29722103,-31.37,-0.081076314
-1.573249898,-32.81,-0.098328119
-1.849041893,-34.23,-0.115565118
-2.126477172,-35.56,-0.132904823
-2.405841289,-36.78,-0.150365081
-2.68141932,-37.95,-0.167588707
-2.964293378,-39.07,-0.185268336
-3.246083009,-40.13,-0.202880188
-3.52624776,-41.15,-0.220390485
-3.804807244,-42.07,-0.237800453
-4.093637266,-42.92,-0.255852329
-4.378990547,-43.73,-0.273686909
-4.667657358,-44.4,-0.291728585
-4.95664042,-45.02,-0.309790026
-5.247031138,-45.48,-0.327939446
-5.535126042,-45.93,-0.345945378
-5.822442643,-46.35,-0.363902665
-6.11185622,-46.69,-0.381991014
-6.405797131,-47.02,-0.400362321
-6.69957109,-47.21,-0.418723193
-6.988763091,-47.39,-0.436797693
-7.290858541,-47.54,-0.455678659
-7.496601339,-47.02,-0.468537584
-7.516860296,-43.92,-0.469803768
-7.52098997,-43.89,-0.470061873
-7.51978572,-43.61,-0.469986607
-7.399435111,-41.45,-0.462464694
-7.143990977,-37.64,-0.446499436
-6.892276241,-34.52,-0.430767265
-6.630342971,-31.62,-0.414396436
-6.365762158,-28.92,-0.397860135
-6.104925877,-26.32,-0.381557867
-5.850176158,-23.81,-0.36563601
-5.590920884,-21.42,-0.349432555
-5.324712183,-19.11,-0.332794511
-5.059402197,-16.93,-0.316212637
-4.796948525,-14.8,-0.299809283
-4.522787851,-12.77,-0.282674241
-4.260293936,-10.86,-0.266268371
-3.992589714,-9.041,-0.249536857
-3.721129522,-7.289,-0.232570595
-3.448649229,-5.635,-0.215540577
-3.175038318,-4.026,-0.198439895
-2.91114458,-2.471,-0.181946536
-2.631731346,-0.943,-0.164483209
-2.37123185,0.5409,-0.148201991
-2.106095543,1.981,-0.131630971
-1.849104689,3.366,-0.115569043
-1.587095185,4.744,-0.099193449
-1.313141616,6.158,-0.082071351
-1.047876961,7.281,-0.06549231
-0.788672483,8.684,-0.04929203
-0.517069626,10.27,-0.032316852
-0.247648388,11.79,-0.015478024
0.034717101,13.3,0.002169819
0.31612591,14.78,0.019757869
0.593681118,16.29,0.03710507
0.877712336,17.72,0.054857021
1.162394466,19.13,0.072649654
1.430830454,20.41,0.089426903
1.722150486,21.75,0.107634405
2.004174751,23.04,0.125260922
2.291390887,24.23,0.14321193
2.577209718,25.39,0.161075607
2.862760637,26.52,0.17892254
3.146595071,27.66,0.196662192
3.43687724,28.75,0.214804828
3.725228179,29.79,0.232826761
4.00755149,30.75,0.250471968
4.299329041,31.64,0.268708065
4.579533032,32.48,0.286220815
4.881572911,33.24,0.305098307
5.177380886,33.89,0.323586305
5.466005446,34.47,0.34162534
5.753704525,35.05,0.359606533
6.053945337,35.54,0.378371584
6.342153039,36.02,0.396384565
6.647233496,36.44,0.415452093
6.937746226,36.8,0.433609139
7.241953435,37.03,0.45262209
7.540582448,37.2,0.471286403
7.843247605,37.27,0.490202975
8.156125825,37.3,0.509757864
8.455601899,37.45,0.528475119
8.618878582,36.77,0.538679911
8.661439071,33.82,0.541339942
8.568679636,29.86,0.535542477
8.329410309,25.98,0.520588144
8.087289447,23.02,0.50545559
7.839398294,20.31,0.489962393
7.589227535,17.8,0.474326721
7.347371557,15.53,0.459210722
7.089459114,13.41,0.443091195
6.831230274,11.39,0.426951892
6.569493076,9.426,0.410593317
6.309073445,7.448,0.39431709
6.048221302,5.606,0.378013831
5.786261144,3.838,0.361641321
5.53653334,2.135,0.346033334
5.278280369,0.5484,0.329892523
5.02671842,-1.051,0.314169901
4.774489503,-2.529,0.298405594
4.524553236,-4.014,0.282784577
4.257348557,-5.472,0.266084285
3.997855238,-6.891,0.249865952
3.72506046,-8.238,0.232816279
3.428241429,-9.418,0.214265089
3.14423966,-10.98,0.196514979
2.854071061,-12.28,0.178379441
2.584638232,-13.55,0.161539889
2.299247127,-14.85,0.143702945
2.01785537,-16.13,0.126115961
1.73904566,-17.41,0.108690354
1.456998553,-18.64,0.09106241
1.171801516,-19.84,0.073237595
0.896418081,-21.01,0.05602613
0.61303755,-22.1,0.038314847
0.329448802,-23.24,0.02059055
0.049753279,-24.3,0.00310958
-0.238008226,-25.43,-0.014875514
-0.513939846,-26.46,-0.03212124
-0.808010373,-27.53,-0.050500648
-1.07756976,-28.62,-0.06734811
-1.353213476,-29.71,-0.084575842
-1.638532035,-30.78,-0.102408252
-1.922682943,-31.81,-0.120167684
-2.201174046,-32.91,-0.137573378
-2.485712769,-33.9,-0.155357048
-2.763559422,-34.91,-0.172722464
-3.048200574,-35.86,-0.190512536
-3.330317109,-36.76,-0.208144819
-3.612068398,-37.61,-0.225754275
-3.895886271,-38.4,-0.243492892
-4.181566402,-39.08,-0.2613479
-4.465575109,-39.81,-0.279098444
-4.761277856,-40.42,-0.297579866
-5.041593733,-40.99,-0.315099608
-5.326672974,-41.57,-0.332917061
-5.616512546,-42.07,-0.351032034
-5.906922067,-42.58,-0.369182629
-6.198234071,-42.87,-0.387389629
-6.488412173,-43.24,-0.405525761
-6.7887752,-42.35,-0.42429845
-7.082254661,-42.03,-0.442640916
-7.124887343,-38.88,-0.445305459
-7.029934184,-36.99,-0.439370886
-6.735060007,-32.41,-0.42094125
-6.440175761,-28.91,-0.402510985
-6.135322782,-25.86,-0.383457674
-5.835867359,-23.11,-0.36474171
-5.532442605,-20.47,-0.345777663
-5.217002263,-18.02,-0.326062641
-4.914877914,-15.68,-0.30717987
-4.596798715,-13.53,-0.28729992
-4.279185337,-11.49,-0.267449084
-3.955885854,-9.597,-0.247242866
-3.637930558,-7.796,-0.22737066
-3.318884956,-6.086,-0.20743031
-2.996231812,-4.446,-0.187264488
-2.67274263,-2.832,-0.167046414
-2.350979483,-1.258,-0.146936218
-2.029243263,0.3195,-0.126827704
-1.719894329,1.876,-0.107493396
-1.411709773,3.441,-0.088231861
-1.101039159,5.018,-0.068814947
-0.7866592,6.611,-0.0491662
-0.451181508,8.193,-0.028198844
-0.115937257,9.8,-0.007246079
0.200595992,11.37,0.012537249
0.529858756,12.94,0.033116172
0.870360093,14.5,0.054397506
1.200095902,16.01,0.075005994
1.5254927,17.54,0.095343294
1.85702721,19.03,0.116064201
2.194711553,20.43,0.137169472
2.527784484,21.76,0.15798653
2.872714643,23.03,0.179544665
3.201313503,24.16,0.200082094
3.543576217,25.14,0.221473514
3.887431861,26.19,0.242964491
4.221699305,27.18,0.263856207
4.564092498,28.13,0.285255781
4.906457528,29.03,0.306653596
5.249687575,29.79,0.328105473
5.589932639,30.11,0.34937079
5.940587829,30.88,0.371286739
6.285596923,31.54,0.392849808
6.629617028,32.01,0.414351064
6.988000185,32.42,0.436750012
7.342679153,32.65,0.458917447
7.70073258,32.89,0.481295786
8.059823141,33.02,0.503738946
8.426044708,33.06,0.526627794
8.798118783,33.12,0.549882424
9.157923494,33.25,0.572370218
9.524518195,33.35,0.595282387
9.885693961,33.31,0.617855873
10.24988863,33.37,0.640618039
10.61931433,33.4,0.663707145
10.98614915,33.35,0.686634322
11.03904622,30.47,0.689940389
11.04096225,30.32,0.690060141
10.87296498,25.33,0.679560312
10.59204643,21.95,0.662002902
10.3180232,19.16,0.64487645
10.01207065,16.65,0.625754416
9.718822245,14.26,0.60742639
9.408171998,12.15,0.58801075
9.100722066,10.2,0.568795129
8.795427218,8.361,0.549714201
8.487405679,6.599,0.530462855
8.17620666,4.915,0.511012916
7.873504199,3.391,0.492094012
7.571511856,1.854,0.473219491
7.273302824,0.4505,0.454581427
6.965381376,-0.956,0.435336336
6.67625396,-2.331,0.417265873
6.378118509,-3.666,0.398632407
6.069465376,-5.034,0.379341586
5.753559536,-6.26,0.359597471
5.437200453,-7.528,0.339825028
5.126260231,-8.839,0.320391264
4.803478817,-10.12,0.300217426
4.484329003,-11.33,0.280270563
4.15245544,-12.56,0.259528465
3.826040382,-13.71,0.239127524
3.491860135,-14.84,0.218241258
3.162201521,-15.85,0.197637595
2.819301348,-16.88,0.176206334
2.490635295,-17.91,0.155664706
2.168396962,-18.96,0.13552481
1.827967279,-19.99,0.114247955
1.504643286,-21.04,0.094040205
1.17081538,-22.03,0.073175961
0.841918108,-23.03,0.052619882
0.51621656,-23.98,0.032263535
0.188938794,-24.95,0.011808675
-0.138433569,-25.88,-0.008652098
-0.471903886,-26.75,-0.029493993
-0.795603851,-27.4,-0.049725241
-1.129910255,-28.15,-0.070619391
-1.459747105,-28.88,-0.091234194
-1.781836848,-29.64,-0.111364803
-2.115296085,-30.37,-0.132206005
-2.449542548,-31.09,-0.153096409
-2.774952113,-31.72,-0.173434507
-3.110978064,-32.27,-0.194436129
-3.441960306,-32.74,-0.215122519
-3.779748684,-33.16,-0.236234293
-4.118636646,-33.42,-0.25741479
-4.449777905,-33.62,-0.278111119
-4.788691643,-33.75,-0.299293228
-5.129401799,-33.83,-0.320587612
-5.465812919,-33.91,-0.341613307
-5.801462599,-34.12,-0.362591412
-6.142531476,-34.27,-0.383908217
-6.480841268,-34.36,-0.405052579
-6.812321406,-34.49,-0.425770088
-7.149413888,-34.63,-0.446838368
-7.482621132,-34.73,-0.467663821
-7.74634904,-29.85,-0.484146815
-7.601572173,-26.91,-0.475098261
-7.305038665,-22.38,-0.456564917
-7.00320329,-19.04,-0.437700206
-6.706612772,-16.28,-0.419163298
-6.393828245,-14.01,-0.399614265
-6.090254778,-11.95,-0.380640924
-5.770116258,-10.09,-0.360632266
-5.454245398,-8.287,-0.340890337
-5.120416287,-6.652,-0.320026018
-4.794830403,-4.998,-0.2996769
-4.472424061,-3.376,-0.279526504
-4.153680431,-1.864,-0.259605027
-3.828269433,-0.3693,-0.23926684
-3.51188113,1.05,-0.219492571
-3.202173002,2.4,-0.200135813
-2.885996832,3.721,-0.180374802
-2.5590093,4.998,-0.159938081
-2.232743121,6.255,-0.139546445
-1.906077956,7.441,-0.119129872
-1.571745555,8.59,-0.098234097
-1.237748347,9.659,-0.077359272
-0.90073253,10.76,-0.056295783
-0.565918038,11.85,-0.035369877
-0.219831328,12.87,-0.013739458
0.120964527,13.9,0.007560283
0.461853881,14.88,0.028865868
0.798172898,15.89,0.049885806
1.132540989,16.87,0.070783812
1.485100745,17.7,0.092818797
1.825746381,18.55,0.114109149
2.169294572,19.4,0.135580911
2.500017344,20.19,0.156251084
2.850715498,20.94,0.178169719
3.202339516,21.56,0.20014622
3.546571443,22.17,0.221660715
3.897935941,22.71,0.243620996
4.23391611,23.18,0.264619757
4.588939676,23.69,0.28680873
4.939906418,24.12,0.308744151
5.290548837,24.57,0.330659302
5.646251708,24.89,0.352890732
5.999420244,25.16,0.374963765
6.353606206,24.93,0.397100388
6.704278048,25.13,0.419017378
7.162987833,24.02,0.44768674
7.524158468,24.54,0.470259904
7.886536488,24.77,0.492908531
8.241365342,24.91,0.515085334
8.604102295,25,0.537756393
8.967716,24.88,0.56048225
9.336950892,24.72,0.583559431
9.704298064,24.35,0.606518629
10.07747906,24.07,0.629842441
10.44385653,23.7,0.652741033
10.83281074,23.45,0.677050671
11.21850612,23.21,0.701156633
11.50023132,18.8,0.718764457
11.80674307,20.06,0.737921442
12.07686311,20.62,0.754803944
12.15085953,17.16,0.75942872
11.93525799,12.22,0.745953624
11.64273796,10.05,0.727671123
11.34684392,8.327,0.709177745
11.04879064,6.925,0.690549415
10.74096168,5.649,0.671310105
10.45236659,4.713,0.653272912
10.14560686,3.784,0.634100429
9.862465503,2.965,0.616404094
9.567734715,2.261,0.59798342
9.284716578,1.551,0.580294786
8.996698799,0.9987,0.562293675
8.718302258,0.2188,0.544893891
8.437532527,-0.4013,0.527345783
8.159564045,-1.352,0.509972753
7.878176739,-2.048,0.492386046
7.614673513,-2.984,0.475917095
7.335019586,-3.988,0.458438724
7.05374437,-4.688,0.440859023
6.771454029,-5.29,0.423215877
6.493762899,-6.083,0.405860181
6.220112916,-6.417,0.388757057
5.950783419,-7.256,0.371923964
5.673718585,-7.483,0.354607412
5.433145216,-6.826,0.339571576
5.169245016,-8.212,0.323077814
4.895163287,-9.334,0.305947705
4.623308922,-10.25,0.288956808
4.344068979,-11.13,0.271504311
4.061659824,-12.09,0.253853739
3.788045086,-12.83,0.236752818
3.510361439,-13.37,0.21939759
3.238122663,-13.45,0.202382666
2.982062938,-13.05,0.186378934
2.73210705,-13.37,0.170756691
2.499162069,-11.73,0.156197629
2.247204646,-12.97,0.14045029
1.980934854,-13.69,0.123808428
1.713300712,-14.29,0.107081294
1.44441651,-14.94,0.090276032
1.173817544,-15.24,0.073363596
0.903794835,-15.36,0.056487177
0.636842934,-15.1,0.039802683
0.361085363,-15.31,0.022567835
0.090415756,-15.49,0.005650985
-0.176072387,-15.25,-0.011004524
-0.447954156,-14.91,-0.027997135
-0.69926007,-14.77,-0.043703754
-0.9550858,-14.21,-0.059692862
-1.207763807,-13.87,-0.075485238
-1.48034564,-13.84,-0.092521603
-1.735614996,-13.87,-0.108475937
-1.993863036,-13.57,-0.12461644
-2.25323547,-13.15,-0.140827217
-2.494660581,-12.15,-0.155916286
-2.686249573,-8.381,-0.167890598
-2.717498502,-3.306,-0.169843656
-0.252129565,-0.5979,-0.015758098
