Test unit,RS3,
Reference,Rezaie et al. (2020),
top_displacement,horizontal_force,drift
[mm],[kN],[%]
NaN,0.6526,#VALUE!
NaN,0.6615,#VALUE!
NaN,0.7247,#VALUE!
NaN,0.7367,#VALUE!
NaN,0.7721,#VALUE!
NaN,0.7417,#VALUE!
NaN,0.7219,#VALUE!
NaN,0.525,#VALUE!
NaN,0.2143,#VALUE!
NaN,0.3112,#VALUE!
NaN,0.2677,#VALUE!
NaN,0.02109,#VALUE!
NaN,0.4099,#VALUE!
NaN,0.2206,#VALUE!
NaN,0.2672,#VALUE!
NaN,0.2542,#VALUE!
NaN,0.4568,#VALUE!
NaN,0,#VALUE!
NaN,0.1396,#VALUE!
NaN,0.2995,#VALUE!
NaN,-0.07266,#VALUE!
NaN,0.03281,#VALUE!
NaN,0.2234,#VALUE!
NaN,0.4258,#VALUE!
NaN,0.4253,#VALUE!
NaN,0.4404,#VALUE!
NaN,0.3951,#VALUE!
NaN,0.413,#VALUE!
NaN,0.00182,#VALUE!
NaN,0.3693,#VALUE!
NaN,-0.08229,#VALUE!
NaN,-0.07969,#VALUE!
NaN,-0.09401,#VALUE!
NaN,-0.1505,#VALUE!
NaN,0.3323,#VALUE!
NaN,0.3445,#VALUE!
NaN,0.3169,#VALUE!
NaN,0.05234,#VALUE!
NaN,0.3109,#VALUE!
NaN,0.326,#VALUE!
NaN,0.06224,#VALUE!
NaN,0.2779,#VALUE!
NaN,0.3323,#VALUE!
NaN,0.02266,#VALUE!
NaN,0.2875,#VALUE!
NaN,0.00156,#VALUE!
NaN,0.00547,#VALUE!
NaN,0.1724,#VALUE!
NaN,0.4089,#VALUE!
NaN,-0.02891,#VALUE!
NaN,0.1534,#VALUE!
NaN,0.4589,#VALUE!
NaN,0.4036,#VALUE!
NaN,0.03359,#VALUE!
NaN,0.363,#VALUE!
NaN,-0.01094,#VALUE!
NaN,0.1612,#VALUE!
NaN,0.2734,#VALUE!
NaN,0.07396,#VALUE!
NaN,0.1885,#VALUE!
NaN,0.1823,#VALUE!
NaN,0.1128,#VALUE!
NaN,0.2529,#VALUE!
NaN,0.07448,#VALUE!
NaN,0.1974,#VALUE!
NaN,0.3641,#VALUE!
NaN,0.1393,#VALUE!
NaN,0.2815,#VALUE!
NaN,-0.07552,#VALUE!
NaN,-0.00755,#VALUE!
NaN,0.3177,#VALUE!
NaN,-0.0401,#VALUE!
NaN,-0.1542,#VALUE!
NaN,0.2878,#VALUE!
NaN,0.2466,#VALUE!
NaN,0.1216,#VALUE!
NaN,0.1552,#VALUE!
NaN,0.2583,#VALUE!
NaN,0.06719,#VALUE!
NaN,0.06953,#VALUE!
NaN,0.2268,#VALUE!
NaN,0.2276,#VALUE!
NaN,0.15,#VALUE!
NaN,0.2263,#VALUE!
NaN,0.1997,#VALUE!
NaN,0.238,#VALUE!
NaN,0.2951,#VALUE!
NaN,0.131,#VALUE!
NaN,0.1479,#VALUE!
NaN,0.2581,#VALUE!
NaN,0.156,#VALUE!
NaN,0.1938,#VALUE!
NaN,0.1677,#VALUE!
NaN,0.2591,#VALUE!
NaN,0.00964,#VALUE!
NaN,0.03568,#VALUE!
NaN,0.2484,#VALUE!
NaN,0.3635,#VALUE!
NaN,0.00417,#VALUE!
NaN,0.1935,#VALUE!
NaN,0.04609,#VALUE!
NaN,0.3307,#VALUE!
NaN,0.1786,#VALUE!
NaN,0.1247,#VALUE!
NaN,0.1786,#VALUE!
NaN,0.07526,#VALUE!
NaN,0.1536,#VALUE!
NaN,0.1745,#VALUE!
NaN,0.231,#VALUE!
NaN,0.2125,#VALUE!
NaN,0.1776,#VALUE!
NaN,0.2404,#VALUE!
NaN,0.1484,#VALUE!
NaN,0.2266,#VALUE!
NaN,0.1232,#VALUE!
NaN,0.1836,#VALUE!
NaN,0.1154,#VALUE!
NaN,0.1479,#VALUE!
NaN,0.1521,#VALUE!
NaN,0.1732,#VALUE!
NaN,0.1706,#VALUE!
NaN,0.08724,#VALUE!
NaN,0.2341,#VALUE!
NaN,0.1099,#VALUE!
NaN,0.2638,#VALUE!
NaN,0.1115,#VALUE!
NaN,0.2867,#VALUE!
NaN,0.09271,#VALUE!
NaN,0.1271,#VALUE!
NaN,0.3146,#VALUE!
NaN,0.0237,#VALUE!
NaN,0.04818,#VALUE!
NaN,0.2966,#VALUE!
NaN,0.04141,#VALUE!
NaN,0.2172,#VALUE!
NaN,0.1432,#VALUE!
NaN,0.2768,#VALUE!
NaN,0.0737,#VALUE!
NaN,0.2313,#VALUE!
NaN,0.1445,#VALUE!
NaN,0.1945,#VALUE!
NaN,0.1818,#VALUE!
0,0,0
8.19E-05,1.5,5.11919E-06
0.01414173,3.326,0.000883858
0.033498403,4.96,0.00209365
0.053455666,6.47,0.003340979
0.076255134,7.943,0.004765946
0.099151236,9.353,0.006196952
0.129340812,10.75,0.008083801
0.158434261,12.12,0.009902141
0.19766774,13.45,0.012354234
0.229552943,14.71,0.014347059
0.262882528,15.94,0.016430158
0.297903697,17.13,0.018618981
0.337043553,18.29,0.021065222
0.36424508,19.38,0.022765317
0.388378441,20.44,0.024273653
0.431494712,21.26,0.02696842
0.445545837,21.83,0.027846615
0.467177266,20.33,0.029198579
0.453169759,18.62,0.02832311
0.426539597,16.15,0.026658725
0.400278031,14.02,0.025017377
0.378522859,12.08,0.023657679
0.34144743,10.22,0.021340464
0.321296667,8.401,0.020081042
0.286862185,6.645,0.017928887
0.262309636,4.822,0.016394352
0.237013866,3.135,0.014813367
0.210587027,1.646,0.013161689
0.192228316,0.3776,0.01201427
0.173193869,-0.8724,0.010824617
0.154096715,-2.077,0.009631045
0.132676193,-3.135,0.008292262
0.114575213,-4.48,0.007160951
0.091579285,-5.902,0.005723705
0.063921201,-7.411,0.003995075
0.031841055,-8.78,0.001990066
0.010543135,-10.23,0.000658946
-0.022748705,-11.65,-0.001421794
-0.043823348,-13.07,-0.002738959
-0.075879809,-14.45,-0.004742488
-0.106748368,-15.83,-0.006671773
-0.138149106,-17.21,-0.008634319
-0.169455968,-18.61,-0.010590998
-0.209665923,-20.01,-0.01310412
-0.241006733,-21.37,-0.015062921
-0.27685947,-22.78,-0.017303717
-0.306361148,-24.16,-0.019147572
-0.345464498,-25.5,-0.021591531
-0.378861806,-26.85,-0.023678863
-0.415245898,-28.13,-0.025952869
-0.44632078,-29.33,-0.027895049
-0.454786005,-28.91,-0.028424125
-0.458558516,-28.74,-0.028659907
-0.465193041,-27.54,-0.029074565
-0.470266416,-27.39,-0.029391651
-0.470382624,-27.42,-0.029398914
-0.446453195,-25,-0.027903325
-0.428000945,-21.32,-0.026750059
-0.399786507,-19.14,-0.024986657
-0.3731092,-16.85,-0.023319325
-0.341392445,-14.66,-0.021337028
-0.318361593,-12.54,-0.0198976
-0.289438469,-10.54,-0.018089904
-0.263211512,-8.715,-0.01645072
-0.237762741,-6.999,-0.014860171
-0.208790955,-5.416,-0.013049435
-0.180076446,-3.893,-0.011254778
-0.155030809,-2.418,-0.009689426
-0.138338191,-0.9893,-0.008646137
-0.112149123,0.3531,-0.00700932
-0.092110234,1.589,-0.00575689
-0.077214679,2.389,-0.004825917
-0.050988005,3.501,-0.00318675
-0.02890462,4.714,-0.001806539
-0.009056023,5.98,-0.000566001
0.010444269,7.239,0.000652767
0.042714935,8.558,0.002669683
0.064887177,9.901,0.004055449
0.094699167,11.25,0.005918698
0.126606893,12.61,0.007912931
0.160792273,13.96,0.010049517
0.183986911,15.3,0.011499182
0.220174631,16.65,0.013760914
0.256113626,17.94,0.016007102
0.280701023,19.19,0.017543814
0.325807831,20.45,0.020362989
0.349047628,21.63,0.021815477
0.387832595,22.73,0.024239537
0.413907757,23.65,0.025869235
0.41228751,23.64,0.025767969
0.413460208,21.72,0.025841263
0.41764949,21.03,0.026103093
0.391059561,18.62,0.024441223
0.363921966,16.49,0.022745123
0.332838482,14.57,0.020802405
0.308040131,12.76,0.019252508
0.2758764,11,0.017242275
0.251836602,9.304,0.015739788
0.220670355,7.635,0.013791897
0.191511777,5.982,0.011969486
0.16084107,4.32,0.010052567
0.136970975,2.812,0.008560686
0.111762602,1.498,0.006985163
0.08521365,0.3135,0.005325853
0.072950615,-0.8432,0.004559413
0.054181386,-1.979,0.003386337
0.031930471,-2.999,0.001995654
0.01316246,-4.257,0.000822654
-0.009640314,-5.639,-0.00060252
-0.037463083,-7.085,-0.002341443
-0.060471304,-8.564,-0.003779456
-0.083800962,-10.08,-0.00523756
-0.109127428,-11.62,-0.006820464
-0.137860329,-13.14,-0.008616271
-0.169549149,-14.72,-0.010596822
-0.200792819,-16.31,-0.012549551
-0.226399903,-18,-0.014149994
-0.256690156,-19.66,-0.016043135
-0.285983143,-21.26,-0.017873946
-0.325011703,-23.1,-0.020313231
-0.353365515,-24.75,-0.022085345
-0.384209759,-26.47,-0.02401311
-0.40914026,-28.07,-0.025571266
-0.430853628,-28.11,-0.026928352
-0.435109769,-27.31,-0.027194361
-0.443127338,-26.67,-0.027695459
-0.430973204,-25.24,-0.026935825
-0.393923029,-22.89,-0.024620189
-0.373894449,-19.62,-0.023368403
-0.339729894,-17.5,-0.021233118
-0.316893994,-15.25,-0.019805875
-0.292544693,-13.18,-0.018284043
-0.266478172,-11.15,-0.016654886
-0.239401829,-9.245,-0.014962614
-0.20740099,-7.484,-0.012962562
-0.181931615,-5.823,-0.011370726
-0.153164202,-4.288,-0.009572763
-0.129437584,-2.841,-0.008089849
-0.107356265,-1.448,-0.006709767
-0.081181416,-0.06953,-0.005073838
-0.059044244,1.201,-0.003690265
-0.044434988,2.114,-0.002777187
-0.02607577,3.164,-0.001629736
-0.004933664,4.369,-0.000308354
0.020237657,5.627,0.001264854
0.040809924,6.915,0.00255062
0.072407945,8.216,0.004525497
0.098957389,9.58,0.006184837
0.113944506,10.98,0.007121532
0.146373878,12.37,0.009148367
0.175989126,13.78,0.01099932
0.212266184,15.17,0.013266637
0.24167606,16.57,0.015104754
0.274804846,17.96,0.017175303
0.305573364,19.34,0.019098335
0.331280816,20.7,0.020705051
0.36427492,21.98,0.022767182
0.400162305,23.41,0.025010144
0.434847328,24.62,0.027177958
0.463990459,25.78,0.028999404
0.497740042,26.89,0.031108753
0.531917698,27.93,0.033244856
0.569347319,28.94,0.035584207
0.60569823,29.92,0.037856139
0.645486837,30.85,0.040342927
0.687308561,31.75,0.042956785
0.724812456,32.61,0.045300779
0.764795333,33.43,0.047799708
0.814377886,34.24,0.050898618
0.822970594,34.01,0.051435662
0.847968354,32.35,0.052998022
0.835234907,30,0.052202182
0.798371354,27.78,0.04989821
0.762965904,25.77,0.047685369
0.735427297,23.93,0.045964206
0.701009439,22.19,0.04381309
0.67011745,20.41,0.041882341
0.640183278,18.91,0.040011455
0.611406698,17.34,0.038212919
0.580492327,15.8,0.03628077
0.549408205,14.29,0.034338013
0.514457283,12.83,0.03215358
0.487804637,11.37,0.03048779
0.459271567,9.945,0.028704473
0.430333024,8.544,0.026895814
0.399081049,7.152,0.024942566
0.36950555,5.724,0.023094097
0.340421284,4.241,0.02127633
0.308971845,2.893,0.01931074
0.288162164,1.685,0.018010135
0.264248245,0.6091,0.016515515
0.240302345,-0.4721,0.015018897
0.21396788,-1.53,0.013372992
0.19536457,-2.465,0.012210286
0.169029516,-3.481,0.010564345
0.141198205,-4.669,0.008824888
0.123403134,-5.959,0.007712696
0.093463687,-7.23,0.00584148
0.068479981,-8.535,0.004279999
0.037004847,-9.934,0.002312803
0.011686525,-11.32,0.000730408
-0.017046808,-12.75,-0.001065426
-0.044397834,-14.15,-0.002774865
-0.074472035,-15.59,-0.004654502
-0.104988202,-17.09,-0.006561763
-0.134806831,-18.62,-0.008425427
-0.17078864,-20.23,-0.01067429
-0.200315109,-21.9,-0.012519694
-0.232931597,-23.39,-0.014558225
-0.2669211,-24.99,-0.016682569
-0.297202141,-26.57,-0.018575134
-0.334457971,-28.05,-0.020903623
-0.367049743,-29.48,-0.022940609
-0.397598052,-30.87,-0.024849878
-0.429646338,-32.21,-0.026852896
-0.466506176,-33.53,-0.029156636
-0.498813359,-34.78,-0.031175835
-0.540301101,-35.97,-0.033768819
-0.579005418,-37.12,-0.036187839
-0.623833968,-38.22,-0.038989623
-0.663972196,-39.18,-0.041498262
-0.707508283,-40.09,-0.044219268
-0.752484984,-41.04,-0.047030312
-0.787016657,-41.94,-0.049188541
-0.820022851,-41.38,-0.051251428
-0.815936808,-41.46,-0.050996051
-0.844487482,-39.23,-0.052780468
-0.811903974,-36.44,-0.050743998
-0.779830771,-33.81,-0.048739423
-0.755613374,-31.37,-0.047225836
-0.717534079,-29.13,-0.04484588
-0.6898352,-27.03,-0.0431147
-0.661413378,-25.02,-0.041338336
-0.628444459,-23.11,-0.039277779
-0.601868866,-21.31,-0.037616804
-0.565003006,-19.63,-0.035312688
-0.537371186,-17.8,-0.033585699
-0.501894933,-16.1,-0.031368433
-0.485890236,-14.41,-0.03036814
-0.442606528,-12.74,-0.027662908
-0.414728937,-11.13,-0.025920559
-0.390182174,-9.59,-0.024386386
-0.355956929,-8.124,-0.022247308
-0.330088174,-6.778,-0.020630511
-0.302040435,-5.505,-0.018877527
-0.27670303,-4.206,-0.017293939
-0.25259269,-2.909,-0.015787043
-0.221940358,-1.67,-0.013871272
-0.197072381,-0.4596,-0.012317024
-0.168204695,0.7128,-0.010512793
-0.143047135,1.729,-0.008940446
-0.126129756,2.508,-0.00788311
-0.109497675,3.528,-0.006843605
-0.077766445,4.639,-0.004860403
-0.055641774,5.804,-0.003477611
-0.02370337,6.941,-0.001481461
0.003300231,8.079,0.000206264
0.030206393,9.281,0.0018879
0.063756673,10.51,0.003984792
0.093613124,11.72,0.00585082
0.121431594,12.94,0.007589475
0.159494615,14.17,0.009968413
0.198177199,15.41,0.012386075
0.232436151,16.64,0.014527259
0.26194428,17.83,0.016371518
0.295241509,19.06,0.018452594
0.331591541,20.27,0.020724471
0.36439924,21.49,0.022774953
0.403563647,22.71,0.025222728
0.429270022,23.92,0.026829376
0.461423628,25.14,0.028838977
0.501054469,26.34,0.031315904
0.53189386,27.52,0.033243366
0.570979991,28.71,0.035686249
0.609074138,29.87,0.038067134
0.641255529,30.98,0.040078471
0.690208716,32.09,0.043138045
0.725278917,33.14,0.045329932
0.757477995,34.17,0.047342375
0.798202142,35.13,0.049887634
0.817437975,35.19,0.051089873
0.831316575,33.22,0.051957286
0.83309728,33.19,0.05206858
0.822116307,31.51,0.051382269
0.78787111,29.75,0.049241944
0.759717631,27.51,0.047482352
0.730822904,25.58,0.045676431
0.696176923,23.74,0.043511058
0.661911254,22.02,0.041369453
0.633850601,20.25,0.039615663
0.603388896,18.76,0.037711806
0.569023398,17.16,0.035563962
0.533187317,15.61,0.033324207
0.501687669,14.13,0.031355479
0.47413827,12.64,0.029633642
0.44040557,11.21,0.027525348
0.415430014,9.815,0.025964376
0.382565704,8.43,0.023910357
0.352702018,7.077,0.022043876
0.327033643,5.64,0.020439603
0.28954117,4.242,0.018096323
0.265036704,2.908,0.016564794
0.232873121,1.754,0.01455457
0.200747759,0.6779,0.012546735
0.180802632,-0.3685,0.011300165
0.160014615,-1.42,0.010000913
0.14361163,-2.344,0.008975727
0.115151162,-3.31,0.007196948
0.092328825,-4.442,0.005770552
0.062714546,-5.611,0.003919659
0.032630369,-6.866,0.002039398
0.007501044,-8.112,0.000468815
-0.02469262,-9.38,-0.001543289
-0.051511699,-10.67,-0.003219481
-0.079514759,-11.96,-0.004969672
-0.107146042,-13.26,-0.006696628
-0.136687714,-14.59,-0.008542982
-0.171770024,-15.94,-0.010735627
-0.187530585,-17.29,-0.011720662
-0.236700315,-18.69,-0.01479377
-0.269320152,-20.11,-0.016832509
-0.299324708,-21.59,-0.018707794
-0.341020009,-22.98,-0.021313751
-0.3699021,-24.45,-0.023118881
-0.405205144,-25.89,-0.025325322
-0.438703622,-27.29,-0.027418976
-0.468725619,-28.71,-0.029295351
-0.508719299,-30.11,-0.031794956
-0.534974157,-31.56,-0.033435885
-0.572210561,-33.01,-0.03576316
-0.609413006,-34.44,-0.038088313
-0.638675942,-35.89,-0.039917246
-0.680781367,-37.26,-0.042548835
-0.7149488,-38.62,-0.0446843
-0.756043279,-39.93,-0.047252705
-0.797136759,-40.64,-0.049821047
-0.811115691,-38.01,-0.050694731
-0.796643998,-36.79,-0.04979025
-0.759043515,-34.53,-0.04744022
-0.732056308,-31.74,-0.045753519
-0.699815672,-29.47,-0.043738479
-0.671126223,-27.34,-0.041945389
-0.641849443,-25.33,-0.04011559
-0.610407404,-23.41,-0.038150463
-0.574557341,-21.59,-0.035909834
-0.544310345,-19.9,-0.034019397
-0.514896352,-18.06,-0.032181022
-0.48584266,-16.38,-0.030365166
-0.45415759,-14.68,-0.028384849
-0.417081205,-13.03,-0.026067575
-0.386889597,-11.4,-0.0241806
-0.366354859,-9.87,-0.022897179
-0.33102593,-8.387,-0.020689121
-0.298798228,-7.014,-0.018674889
-0.271447434,-5.748,-0.016965465
-0.244523907,-4.452,-0.015282744
-0.213693084,-3.172,-0.013355818
-0.191780499,-1.932,-0.011986281
-0.1586626,-0.7443,-0.009916413
-0.133578899,0.4195,-0.008348681
-0.108381237,1.497,-0.006773827
-0.098399693,2.231,-0.006149981
-0.065471042,3.23,-0.00409194
-0.047166062,4.314,-0.002947879
-0.016919518,5.476,-0.00105747
0.004113495,6.614,0.000257093
0.030120868,7.775,0.001882554
0.05919682,8.941,0.003699801
0.093710084,10.14,0.00585688
0.127002502,11.39,0.007937656
0.157102662,12.62,0.009818916
0.189430116,13.87,0.011839382
0.224297986,15.1,0.014018624
0.254715963,16.35,0.015919748
0.293019508,17.58,0.018313719
0.328791562,18.82,0.020549473
0.361725962,20.04,0.022607873
0.395420349,21.27,0.024713772
0.425946739,22.64,0.026621671
0.460781041,23.79,0.028798815
0.488061965,25.06,0.030503873
0.531471547,26.32,0.033216972
0.563487601,27.57,0.035217975
0.599458546,28.81,0.037466159
0.634120706,30.05,0.039632544
0.671871337,31.31,0.041991959
0.702300418,32.51,0.043893776
0.743368466,33.7,0.046460529
0.777834153,34.87,0.048614635
0.812248157,35.94,0.05076551
0.849298829,36.95,0.053081177
0.896402174,37.87,0.056025136
0.929088573,38.81,0.058068036
0.971047622,39.69,0.060690476
1.014289541,40.51,0.063393096
1.05038626,41.28,0.065649141
1.098797987,42.01,0.068674874
1.142257938,42.65,0.071391121
1.187445984,43.28,0.074215374
1.238206881,43.91,0.07738793
1.284468084,44.44,0.080279255
1.326281097,45.1,0.082892569
1.371363125,45.59,0.085710195
1.416202452,46.11,0.088512653
1.468475737,46.71,0.091779734
1.51523453,47.12,0.094702158
1.566593818,47.57,0.097912114
1.604496295,48.03,0.100281018
1.65731091,48.42,0.103581932
1.693839178,48.8,0.105864949
1.726038093,44.59,0.107877381
1.686280496,42.42,0.105392531
1.655570635,40.34,0.103473165
1.623065818,38.43,0.101441614
1.579700056,36.68,0.098731253
1.542933057,34.93,0.096433316
1.512848127,33.33,0.094553008
1.477369915,31.75,0.09233562
1.433785943,30.57,0.089611621
1.403641054,28.77,0.087727566
1.366477663,27.6,0.085404854
1.330035085,25.85,0.083127193
1.296703283,24.45,0.081043955
1.258813666,23.1,0.078675854
1.22709612,22.03,0.076693507
1.195367879,20.4,0.074710492
1.155148361,19.41,0.072196773
1.120204749,17.9,0.070012797
1.085058886,16.83,0.06781618
1.044159902,15.35,0.065259994
1.016199376,14.12,0.063512461
0.973689237,12.89,0.060855577
0.944536072,11.71,0.059033504
0.916324523,10.57,0.057270283
0.882352068,9.671,0.055147004
0.852351696,8.544,0.053271981
0.820558405,7.148,0.0512849
0.788755343,5.912,0.049297209
0.752714684,4.915,0.047044668
0.719226415,3.464,0.044951651
0.688233009,2.612,0.043014563
0.660438724,1.42,0.04127742
0.632687016,0.488,0.039542938
0.601863118,-0.2831,0.037616445
0.570177358,-1.37,0.035636085
0.547322758,-2.073,0.034207672
0.524677345,-2.877,0.032792334
0.499532476,-4.016,0.03122078
0.47128195,-5.03,0.029455122
0.438678357,-6.111,0.027417397
0.406612373,-6.982,0.025413273
0.380520336,-8.299,0.023782521
0.3464585,-9.184,0.021653656
0.312007033,-10.58,0.01950044
0.277040441,-11.44,0.017315028
0.241959494,-12.88,0.015122468
0.201036421,-14.02,0.012564776
0.170244802,-14.95,0.0106403
0.136598209,-16.16,0.008537388
0.105193014,-17.33,0.006574563
0.065844154,-18.83,0.00411526
0.03209914,-20.05,0.002006196
-0.000652089,-21.23,-4.07556E-05
-0.033680776,-22.55,-0.002105049
-0.072206931,-23.53,-0.004512933
-0.106455805,-24.97,-0.006653488
-0.14017175,-25.95,-0.008760734
-0.179138639,-27.38,-0.011196165
-0.222735666,-28.37,-0.013920979
-0.252063491,-29.61,-0.015753968
-0.293159698,-31.13,-0.018322481
-0.321857255,-32.11,-0.020116078
-0.364385465,-33.34,-0.022774092
-0.399713555,-34.56,-0.024982097
-0.433771635,-36.02,-0.027110727
-0.474147378,-37.22,-0.029634211
-0.504309335,-38.13,-0.031519333
-0.545760029,-39.51,-0.034110002
-0.584047554,-40.34,-0.036502972
-0.638462325,-41.34,-0.039903895
-0.673058596,-42.35,-0.042066162
-0.717312998,-43.29,-0.044832062
-0.761161839,-44.11,-0.047572615
-0.804635963,-44.87,-0.050289748
-0.848546439,-45.73,-0.053034152
-0.886049018,-46.36,-0.055378064
-0.931051773,-46.83,-0.058190736
-0.980888348,-47.48,-0.061305522
-1.021839807,-47.85,-0.063864988
-1.07640778,-48.29,-0.067275486
-1.125417644,-48.6,-0.070338603
-1.182038087,-48.88,-0.07387738
-1.229506232,-49.16,-0.07684414
-1.280499541,-49.47,-0.080031221
-1.329181957,-49.85,-0.083073872
-1.385064924,-50.04,-0.086566558
-1.435601167,-50.3,-0.089725073
-1.484979226,-50.5,-0.092811202
-1.542068207,-50.63,-0.096379263
-1.594405168,-50.79,-0.099650323
-1.645492868,-50.86,-0.102843304
-1.700714559,-50.96,-0.10629466
-1.752935598,-51.17,-0.109558475
-1.80355957,-51.36,-0.112722473
-1.858139937,-50.96,-0.116133746
-1.857211381,-50.02,-0.116075711
-1.881937009,-47.7,-0.117621063
-1.848868305,-46.37,-0.115554269
-1.814441788,-43.95,-0.113402612
-1.773404268,-41.86,-0.110837767
-1.73513261,-39.95,-0.108445788
-1.694867065,-38.18,-0.105929192
-1.663563231,-36.51,-0.103972702
-1.619436297,-34.88,-0.101214769
-1.579858174,-33.34,-0.098741136
-1.538820168,-31.84,-0.096176261
-1.49574166,-30.38,-0.093483854
-1.464000578,-28.92,-0.091500036
-1.425916469,-27.49,-0.089119779
-1.385847572,-26.12,-0.086615473
-1.348319217,-24.75,-0.084269951
-1.311594389,-23.41,-0.081974649
-1.277486819,-22.07,-0.079842926
-1.250379808,-20.77,-0.078148738
-1.210195293,-19.42,-0.075637206
-1.176605393,-18.16,-0.073537837
-1.137196357,-16.9,-0.071074772
-1.096575385,-15.62,-0.068535962
-1.061826649,-14.42,-0.066364166
-1.032788752,-13.28,-0.064549297
-0.993995063,-12.06,-0.062124691
-0.964438903,-10.85,-0.060277431
-0.923969575,-9.661,-0.057748098
-0.897396632,-8.473,-0.05608729
-0.866581225,-7.337,-0.054161327
-0.829642606,-6.246,-0.051852663
-0.794899311,-5.191,-0.049681207
-0.761852488,-4.1,-0.04761578
-0.724949538,-3.04,-0.045309346
-0.695642402,-1.977,-0.04347765
-0.664464247,-0.9328,-0.041529015
-0.628836847,0.0401,-0.039302303
-0.605412374,0.9727,-0.037838273
-0.576233667,1.793,-0.036014604
-0.553782938,2.503,-0.034611434
-0.524151743,3.396,-0.032759484
-0.49103121,4.327,-0.030689451
-0.463647121,5.308,-0.028977945
-0.437358172,6.272,-0.027334886
-0.403292905,7.253,-0.025205807
-0.372895683,8.218,-0.02330598
-0.337376851,9.183,-0.021086053
-0.300289004,10.19,-0.018768063
-0.265977705,11.21,-0.016623607
-0.225073255,12.25,-0.014067078
-0.191944305,13.26,-0.011996519
-0.152312455,14.27,-0.009519528
-0.110018955,15.26,-0.006876185
-0.074129382,16.25,-0.004633086
-0.041108844,17.24,-0.002569303
-0.009280275,18.2,-0.000580017
0.033069196,19.18,0.002066825
0.073503625,20.16,0.004593977
0.114414172,21.12,0.007150886
0.152021623,22.02,0.009501351
0.191994844,22.96,0.011999678
0.235077006,23.93,0.014692313
0.278195033,24.86,0.01738719
0.316667692,25.77,0.019791731
0.358295018,26.7,0.022393439
0.395772356,27.61,0.024735772
0.430093866,28.52,0.026880867
0.475315228,29.42,0.029707202
0.512139277,30.29,0.032008705
0.559378918,31.17,0.034961182
0.596505961,32.04,0.037281623
0.638652506,32.89,0.039915782
0.687830192,33.76,0.042989387
0.725391508,34.63,0.045336969
0.766893142,35.47,0.047930821
0.810367764,36.33,0.050647985
0.85426047,37.15,0.053391279
0.89188153,37.98,0.055742596
0.937245824,38.8,0.058577864
0.97368129,39.62,0.060855081
1.013667131,40.42,0.063354196
1.058552429,41.21,0.066159527
1.102840768,41.96,0.068927548
1.144977717,42.7,0.071561107
1.19553853,43.41,0.074721158
1.227752218,44.11,0.076734514
1.277303485,44.79,0.079831468
1.317495242,45.43,0.082343453
1.362741258,46.05,0.085171329
1.411680255,46.63,0.088230016
1.455411237,47.21,0.090963202
1.499076167,47.75,0.09369226
1.5455849,48.26,0.096599056
1.593335546,48.75,0.099583472
1.642492204,49.31,0.102655763
1.688721454,49.71,0.105545091
1.711947557,46.51,0.106996722
1.680358313,44.2,0.105022395
1.646837816,42.23,0.102927364
1.607775074,40.35,0.100485942
1.57857536,38.69,0.09866096
1.536575786,37.08,0.096035987
1.505245155,35.57,0.094077822
1.452715251,34.09,0.090794703
1.428812979,32.67,0.089300811
1.388375933,31.25,0.086773496
1.348295728,29.86,0.084268483
1.316727517,28.49,0.08229547
1.27656658,27.14,0.079785411
1.237060075,25.8,0.077316255
1.205330696,24.5,0.075333169
1.169469769,23.21,0.073091861
1.123394042,21.93,0.070212128
1.089354225,20.6,0.068084639
1.05345348,19.38,0.065840842
1.009601244,18.14,0.063100078
0.97552053,16.9,0.060970033
0.936202109,15.7,0.058512632
0.899502554,14.53,0.05621891
0.862890862,13.31,0.053930679
0.833153652,12.12,0.052072103
0.798278877,10.98,0.04989243
0.772161223,9.821,0.048260076
0.73081599,8.713,0.045675999
0.699517591,7.57,0.043719849
0.667035345,6.45,0.041689709
0.634908459,5.283,0.039681779
0.594118295,4.079,0.037132393
0.554533859,2.908,0.034658366
0.52976136,1.885,0.033110085
0.495302249,0.9721,0.030956391
0.467046441,0.04896,0.029190403
0.441507569,-0.8375,0.027594223
0.415647984,-1.729,0.025977999
0.388580445,-2.491,0.024286278
0.36957995,-3.323,0.023098747
0.339551524,-4.293,0.02122197
0.304588089,-5.282,0.019036756
0.265811096,-6.31,0.016613193
0.233182872,-7.328,0.014573929
0.20306063,-8.341,0.012691289
0.167649797,-9.352,0.010478112
0.129663781,-10.4,0.008103986
0.09556935,-11.47,0.005973084
0.057619911,-12.5,0.003601244
0.02707105,-13.55,0.001691941
-0.01422107,-14.55,-0.000888817
-0.04554043,-15.6,-0.002846277
-0.082775129,-16.6,-0.005173446
-0.114965952,-17.59,-0.007185372
-0.158918387,-18.61,-0.009932399
-0.200391358,-19.65,-0.01252446
-0.238868745,-20.65,-0.014929297
-0.279700705,-21.63,-0.017481294
-0.315067926,-22.59,-0.019691745
-0.352989386,-23.56,-0.022061837
-0.393639056,-24.53,-0.024602441
-0.433154932,-25.45,-0.027072183
-0.466257468,-26.33,-0.029141092
-0.505783107,-27.24,-0.031611444
-0.547119602,-28.13,-0.034194975
-0.584571047,-29.01,-0.03653569
-0.62934444,-29.86,-0.039334027
-0.67268002,-30.72,-0.042042501
-0.717620249,-31.59,-0.044851266
-0.750305259,-32.37,-0.046894079
-0.791928979,-33.29,-0.049495561
-0.840168147,-34.11,-0.052510509
-0.879626786,-34.95,-0.054976674
-0.925645989,-35.77,-0.057852874
-0.968214885,-36.61,-0.06051343
-1.006386046,-37.4,-0.062899128
-1.046795714,-38.23,-0.065424732
-1.092187756,-39.03,-0.068261735
-1.14000403,-39.84,-0.071250252
-1.185927822,-40.63,-0.074120489
-1.227513022,-41.41,-0.076719564
-1.269365603,-42.18,-0.07933535
-1.316685758,-42.94,-0.08229286
-1.350797744,-43.69,-0.084424859
-1.396075059,-44.42,-0.087254691
-1.444150496,-45.15,-0.090259406
-1.488436716,-45.82,-0.093027295
-1.539975775,-46.47,-0.096248486
-1.587587758,-47.07,-0.099224235
-1.631524183,-47.64,-0.101970261
-1.679974767,-48.19,-0.104998423
-1.72927143,-48.72,-0.108079464
-1.774265731,-49.18,-0.110891608
-1.807426195,-46.43,-0.112964137
-1.735166801,-41.99,-0.108447925
-1.650184384,-38.51,-0.103136524
-1.57967837,-35.45,-0.098729898
-1.498949453,-32.62,-0.093684341
-1.422530685,-29.91,-0.088908168
-1.343384808,-27.3,-0.083961551
-1.271610269,-24.79,-0.079475642
-1.202764086,-22.32,-0.075172755
-1.125314116,-19.95,-0.070332132
-1.045388639,-17.46,-0.06533679
-0.975675051,-15.03,-0.060979691
-0.911172973,-12.73,-0.056948311
-0.83823564,-10.35,-0.052389728
-0.77271798,-8.042,-0.048294874
-0.70268123,-5.866,-0.043917577
-0.638325052,-3.766,-0.039895316
-0.569303661,-1.668,-0.035581479
-0.507712393,0.3083,-0.031732025
-0.452480743,1.982,-0.028280046
-0.405242452,3.67,-0.025327653
-0.339217215,5.594,-0.021201076
-0.27714423,7.563,-0.017321514
-0.212546948,9.542,-0.013284184
-0.130783155,11.61,-0.008173947
-0.055243524,13.64,-0.00345272
0.018860767,15.64,0.001178798
0.089884698,17.6,0.005617794
0.175736342,19.53,0.010983521
0.257769932,21.42,0.016110621
0.330486842,23.28,0.020655428
0.413601408,25.12,0.025850088
0.491137629,26.91,0.030696102
0.568849303,28.68,0.035553081
0.662939893,30.46,0.041433743
0.736505018,32.2,0.046031564
0.823008071,33.91,0.051438004
0.905177113,35.59,0.05657357
0.982647529,37.3,0.061415471
1.076849687,38.95,0.067303105
1.156575807,40.61,0.072285988
1.242863394,42.27,0.077678962
1.328941047,43.88,0.083058815
1.403738679,45.43,0.087733667
1.499239936,46.86,0.093702496
1.591768575,48.17,0.099485536
1.674347168,49.33,0.104646698
1.76988495,50.34,0.110617809
1.86578233,51.24,0.116611396
1.958412255,52.01,0.122400766
2.058921645,52.68,0.128682603
2.154789486,53.15,0.134674343
2.252311518,53.51,0.14076947
2.347687386,53.84,0.146730462
2.452181278,54.04,0.15326133
2.555835008,54.27,0.159739688
2.607948261,53.37,0.162996766
2.628478193,50.92,0.164279887
2.561267823,46.55,0.160079239
2.47773424,43.65,0.15485839
2.40048462,41.03,0.150030289
2.315037788,38.59,0.144689862
2.237739096,36.32,0.139858694
2.155321761,34.07,0.13470761
2.069473496,31.84,0.129342094
1.983105066,29.66,0.123944067
1.89892572,27.5,0.118682857
1.810661948,25.35,0.113166372
1.733254209,23.22,0.108328388
1.663830668,21.16,0.103989417
1.57963629,19.06,0.098727268
1.510395301,16.97,0.094399706
1.420402014,14.93,0.088775126
1.351385872,12.94,0.084461617
1.282432814,11.04,0.080152051
1.214599901,9.128,0.075912494
1.139065787,7.228,0.071191612
1.067804136,5.184,0.066737759
0.989453469,3.129,0.061840842
0.9256697,1.319,0.057854356
0.862139632,-0.3771,0.053883727
0.807374072,-1.995,0.050460879
0.744419185,-3.521,0.046526199
0.674357088,-5.343,0.042147318
0.605187075,-7.229,0.037824192
0.541880293,-9.086,0.033867518
0.467156494,-10.98,0.029197281
0.392271785,-12.9,0.024516987
0.316705994,-14.75,0.019794125
0.233827201,-16.6,0.0146142
0.159978569,-18.44,0.009998661
0.07792386,-20.24,0.004870241
-0.00566605,-21.98,-0.000354128
-0.088009622,-23.65,-0.005500601
-0.167221192,-25.23,-0.010451325
-0.249618832,-26.78,-0.015601177
-0.337109802,-28.3,-0.021069363
-0.415922359,-29.81,-0.025995147
-0.504127691,-31.27,-0.031507981
-0.584654137,-32.7,-0.036540884
-0.665435516,-34.12,-0.04158972
-0.763984112,-35.53,-0.047749007
-0.840235301,-36.96,-0.052514706
-0.935665166,-38.35,-0.058479073
-1.016686206,-39.78,-0.063542888
-1.113194907,-41.15,-0.069574682
-1.197043762,-42.47,-0.074815235
-1.291567977,-43.77,-0.080722999
-1.380021083,-44.99,-0.086251318
-1.473004428,-46.16,-0.092062777
-1.567914897,-47.24,-0.097994681
-1.666993813,-48.19,-0.104187113
-1.757499898,-48.99,-0.109843744
-1.858719975,-49.67,-0.116169998
-1.961115255,-50.2,-0.122569703
-2.067883573,-50.61,-0.129242723
-2.163443274,-50.96,-0.135215205
-2.275578448,-51.31,-0.142223653
-2.384262517,-51.28,-0.149016407
-2.489491174,-51.55,-0.155593198
-2.596919149,-51.77,-0.162307447
-2.674119128,-50.8,-0.167132446
-2.670424111,-47.61,-0.166901507
-2.586394605,-43.98,-0.161649663
-2.507603981,-41.11,-0.156725249
-2.418829889,-38.55,-0.151176868
-2.329818208,-36.18,-0.145613638
-2.242098901,-33.96,-0.140131181
-2.161289417,-31.78,-0.135080589
-2.074688382,-29.65,-0.129668024
-1.991300168,-27.56,-0.12445626
-1.907994007,-25.48,-0.119249625
-1.823516783,-23.41,-0.113969799
-1.748526443,-21.34,-0.109282903
-1.667958763,-19.3,-0.104247423
-1.580983649,-17.2,-0.098811478
-1.502957894,-15.06,-0.093934868
-1.430159457,-13.14,-0.089384966
-1.354252516,-11.08,-0.084640782
-1.269269909,-9.011,-0.079329369
-1.206405872,-6.999,-0.075400367
-1.134641058,-5.08,-0.070915066
-1.056183897,-3.174,-0.066011494
-0.989097913,-1.316,-0.06181862
-0.926375725,0.437,-0.057898483
-0.866002888,1.939,-0.054125181
-0.811196822,3.464,-0.050699801
-0.746502141,5.19,-0.046656384
-0.674874148,6.955,-0.042179634
-0.596946491,8.701,-0.037309156
-0.520070055,10.46,-0.032504378
-0.446878435,12.27,-0.027929902
-0.353623153,14.06,-0.022101447
-0.284733332,15.8,-0.017795833
-0.202128672,17.48,-0.012633042
-0.124738097,19.14,-0.007796131
-0.031544138,20.71,-0.001971509
0.049729338,22.24,0.003108084
0.130878011,23.76,0.008179876
0.221570108,25.19,0.013848132
0.305066745,26.59,0.019066672
0.39614991,27.95,0.024759369
0.4785859,29.26,0.029911619
0.560400025,30.58,0.035025002
0.660431647,31.83,0.041276978
0.744042953,33.06,0.046502685
0.832067655,34.28,0.052004228
0.922478994,35.45,0.057654937
1.010438576,36.62,0.063152411
1.112435862,37.77,0.069527241
1.202096093,38.91,0.075131006
1.28620003,40.02,0.080387502
1.37223375,41.1,0.085764609
1.469258648,42.17,0.091828666
1.556306552,43.24,0.09726916
1.644792832,44.27,0.102799552
1.739345633,45.29,0.108709102
1.829203422,46.26,0.114325214
1.918317665,47.18,0.119894854
2.01433937,48.05,0.125896211
2.106203883,48.86,0.131637743
2.201722275,49.62,0.137607642
2.296678809,50.31,0.143542426
2.389671908,50.9,0.149354494
2.490876663,51.44,0.155679791
2.587708664,51.74,0.161731792
2.613667639,48.52,0.163354227
2.542619821,45.29,0.158913739
2.460420862,42.65,0.153776304
2.366634905,40.33,0.147914682
2.280430708,38.18,0.142526919
2.205924876,36.17,0.137870305
2.114416322,34.21,0.13215102
2.035151,32.32,0.127196938
1.952339403,30.44,0.122021213
1.861190151,28.57,0.116324384
1.781187054,26.74,0.111324191
1.696468096,24.89,0.106029256
1.611192783,23.06,0.100699549
1.525100952,21.25,0.09531881
1.442928471,19.42,0.090183029
1.364997384,17.62,0.085312337
1.287621079,15.79,0.080476317
1.20722412,13.98,0.075451508
1.125797126,12.18,0.07036232
1.048336754,10.41,0.065521047
0.977356925,8.651,0.061084808
0.906147583,6.867,0.056634224
0.827118416,4.964,0.051694901
0.748221244,3.094,0.046763828
0.679526811,1.38,0.042470426
0.614986765,-0.2089,0.038436673
0.545376024,-1.75,0.034086001
0.48524729,-3.145,0.030327956
0.421555833,-4.843,0.02634724
0.360736998,-6.578,0.022546062
0.290391016,-8.358,0.018149438
0.205587974,-10.14,0.012849248
0.135065829,-11.94,0.008441614
0.055399646,-13.72,0.003462478
-0.024189853,-15.48,-0.001511866
-0.098712998,-17.22,-0.006169562
-0.182304667,-18.91,-0.011394042
-0.270550068,-20.55,-0.016909379
-0.350435848,-22.15,-0.021902241
-0.430955434,-23.72,-0.026934715
-0.517601978,-25.16,-0.032350124
-0.601234246,-26.54,-0.03757714
-0.696710885,-27.87,-0.04354443
-0.773468564,-29.17,-0.048341785
-0.865615402,-30.42,-0.054100963
-0.949130401,-31.69,-0.05932065
-1.037315454,-32.91,-0.064832216
-1.133376098,-34.14,-0.070836006
-1.230364075,-35.32,-0.076897755
-1.311728057,-36.47,-0.081983004
-1.398559574,-37.62,-0.087409973
-1.49731391,-38.72,-0.093582119
-1.598010975,-39.81,-0.099875686
-1.678849184,-40.89,-0.104928074
-1.774436367,-41.91,-0.110902273
-1.866859005,-42.94,-0.116678688
-1.971718103,-43.92,-0.123232381
-2.063732369,-44.88,-0.128983273
-2.161872646,-45.8,-0.13511704
-2.256130291,-46.62,-0.141008143
-2.353091784,-47.39,-0.147068236
-2.45329735,-48.06,-0.153331084
-2.560863567,-48.65,-0.160053973
-2.660852041,-49.16,-0.166303253
-2.766729968,-49.34,-0.172920623
-2.78354482,-46.08,-0.173971551
-2.753448045,-45.04,-0.172090503
-2.674943051,-42.16,-0.167183941
-2.58664819,-39.51,-0.161665512
-2.499607622,-37.18,-0.156225476
-2.413593805,-34.99,-0.150849613
-2.325764745,-32.92,-0.145360297
-2.234812807,-30.89,-0.1396758
-2.156224384,-28.88,-0.134764024
-2.07058972,-26.88,-0.129411858
-1.987437225,-24.9,-0.124214827
-1.904095323,-22.91,-0.119005958
-1.827390965,-20.91,-0.114211935
-1.740602375,-18.87,-0.108787648
-1.661778831,-16.81,-0.103861177
-1.585048667,-14.81,-0.099065542
-1.497948054,-12.92,-0.093621753
-1.428556231,-10.93,-0.089284764
-1.352214672,-8.946,-0.084513417
-1.27582501,-7.03,-0.079739063
-1.201930198,-5.195,-0.075120637
-1.122260522,-3.371,-0.070141283
-1.049415525,-1.589,-0.06558847
-0.978322834,0.1185,-0.061145177
-0.92355881,1.648,-0.057722426
-0.870886171,3.004,-0.054430386
-0.795911752,4.628,-0.049744484
-0.718706726,6.292,-0.04491917
-0.650923464,7.991,-0.040682717
-0.582582606,9.651,-0.036411413
-0.497113851,11.36,-0.031069616
-0.416806322,13.05,-0.026050395
-0.344702379,14.73,-0.021543899
-0.25340059,16.37,-0.015837537
-0.160893067,17.96,-0.010055817
-0.081425266,19.47,-0.005089079
0.006139936,20.94,0.000383746
0.093281462,22.33,0.005830091
0.182877131,23.7,0.011429821
0.266821826,25.04,0.016676364
0.348901879,26.32,0.021806367
0.447277028,27.55,0.027954814
0.522369599,28.77,0.0326481
0.614181046,29.95,0.038386315
0.701514245,31.09,0.04384464
0.797788637,32.21,0.04986179
0.887651356,33.3,0.05547821
0.976803293,34.37,0.061050206
1.06398243,35.42,0.066498902
1.159563036,36.47,0.07247269
1.247044049,37.5,0.077940253
1.335569713,38.52,0.083473107
1.426640998,39.53,0.089165062
1.51528795,40.51,0.094705497
1.615285452,41.5,0.100955341
1.703077775,42.48,0.106442361
1.795939468,43.45,0.112246217
1.878172915,44.39,0.117385807
1.973127935,45.32,0.123320496
2.065149358,46.19,0.129071835
2.153305613,47.02,0.134581601
2.25899162,47.81,0.141186976
2.347236001,48.56,0.14670225
2.452441851,49.24,0.153277616
2.54408206,49.85,0.159005129
2.649463953,50.44,0.165591497
2.743506189,50.92,0.171469137
2.827941523,51.33,0.176746345
2.938250185,51.69,0.183640637
3.03229722,51.99,0.189518576
3.127351745,52.33,0.195459484
3.229682946,52.61,0.201855184
3.330039217,52.86,0.208127451
3.402441677,52.63,0.212652605
3.42990601,49.48,0.214369126
3.425544076,48.64,0.214096505
3.332165057,45.91,0.208260316
3.245861108,43.64,0.202866319
3.159887256,41.68,0.197492953
3.076232568,39.91,0.192264535
2.988657052,38.23,0.186791066
2.89895075,36.64,0.181184422
2.808905839,35.11,0.175556615
2.717926778,33.62,0.169870424
2.636019366,32.15,0.16475121
2.539521657,30.69,0.158720104
2.457780639,29.22,0.15361129
2.364080926,27.75,0.147755058
2.27633184,26.3,0.14227074
2.183030974,24.83,0.136439436
2.100793606,23.36,0.1312996
2.011748537,21.88,0.125734284
1.926579892,20.39,0.120411243
1.839486508,18.87,0.114967907
1.759924583,17.34,0.109995286
1.672931724,15.83,0.104558233
1.585512044,14.34,0.099094503
1.505216117,12.85,0.094076007
1.425154253,11.37,0.089072141
1.342305506,9.902,0.083894094
1.266531798,8.424,0.079158237
1.189995206,6.926,0.0743747
1.102896207,5.377,0.068931013
1.022061264,3.785,0.063878829
0.941036612,2.213,0.058814788
0.871462012,0.8393,0.054466376
0.802520886,-0.5487,0.050157555
0.735096925,-1.868,0.045943558
0.679497364,-3.135,0.042468585
0.597002936,-4.617,0.037312684
0.528373391,-6.12,0.033023337
0.445394986,-7.638,0.027837187
0.376945644,-9.175,0.023559103
0.301032115,-10.75,0.018814507
0.213444756,-12.31,0.013340297
0.136698394,-13.86,0.00854365
0.049324246,-15.4,0.003082765
-0.029746946,-16.89,-0.001859184
-0.107881991,-18.37,-0.006742624
-0.192750865,-19.82,-0.012046929
-0.281489258,-21.22,-0.017593079
-0.367174759,-22.61,-0.022948422
-0.448992816,-23.95,-0.028062051
-0.536020512,-25.24,-0.033501282
-0.627116008,-26.51,-0.03919475
-0.712907444,-27.74,-0.044556715
-0.808805958,-28.93,-0.050550372
-0.893854232,-30.08,-0.055865889
-0.985552218,-31.21,-0.061597014
-1.070340587,-32.32,-0.066896287
-1.169006693,-33.42,-0.073062918
-1.260825946,-34.49,-0.078801622
-1.353599905,-35.57,-0.084599994
-1.444492011,-36.6,-0.090280751
-1.533061523,-37.62,-0.095816345
-1.631088796,-38.63,-0.10194305
-1.723069671,-39.62,-0.107691854
-1.816983938,-40.59,-0.113561496
-1.912062691,-41.52,-0.119503918
-2.005141394,-42.43,-0.125321337
-2.110677586,-43.3,-0.131917349
-2.199968796,-44.12,-0.13749805
-2.29372366,-44.91,-0.143357729
-2.39369944,-45.66,-0.149606215
-2.489419859,-46.31,-0.155588741
-2.594789077,-46.89,-0.162174317
-2.701039997,-47.41,-0.168815
-2.796163996,-47.84,-0.17476025
-2.905607648,-48.23,-0.181600478
-3.010228075,-48.52,-0.188139255
-3.11405138,-48.78,-0.194628211
-3.221194616,-49,-0.201324663
-3.331355714,-49.17,-0.208209732
-3.444936976,-49.32,-0.215308561
-3.540596326,-49.44,-0.22128727
-3.597832966,-45.65,-0.22486456
-3.521730923,-43.2,-0.220108183
-3.438630135,-40.41,-0.214914383
-3.346108348,-38.1,-0.209131772
-3.258693728,-35.99,-0.203668358
-3.162165367,-34,-0.197635335
-3.079226117,-32.11,-0.192451632
-2.99219567,-30.25,-0.187012229
-2.909918532,-28.41,-0.181869908
-2.816170116,-26.55,-0.176010632
-2.731316592,-24.73,-0.170707287
-2.643164003,-22.92,-0.16519775
-2.560797692,-21.13,-0.160049856
-2.476322671,-19.36,-0.154770167
-2.392658095,-17.56,-0.149541131
-2.303677088,-15.79,-0.143979818
-2.224529919,-14.09,-0.13903312
-2.145377861,-12.49,-0.134086116
-2.057299391,-10.8,-0.128581212
-1.976191305,-9.109,-0.123511957
-1.894822303,-7.45,-0.118426394
-1.808930197,-5.865,-0.113058137
-1.731297074,-4.302,-0.108206067
-1.658767638,-2.745,-0.103672977
-1.577033211,-1.227,-0.098564576
-1.502542497,0.2273,-0.093908906
-1.43071588,1.554,-0.089419743
-1.373398484,2.724,-0.085837405
-1.297288701,4.116,-0.081080544
-1.228162208,5.532,-0.076760138
-1.145592017,6.947,-0.071599501
-1.074202482,8.376,-0.067137655
-0.985415555,9.788,-0.061588472
-0.899006175,11.23,-0.056187886
-0.821977433,12.67,-0.05137359
-0.736861361,14.09,-0.046053835
-0.649613896,15.48,-0.040600869
-0.555184029,16.82,-0.034699002
-0.472316319,18.12,-0.02951977
-0.386400107,19.37,-0.024150007
-0.289180629,20.59,-0.018073789
-0.205203796,21.77,-0.012825237
-0.106539971,22.91,-0.006658748
-0.020243723,24,-0.001265233
0.063881298,25.05,0.003992581
0.161617774,26.1,0.010101111
0.249205834,27.08,0.015575365
0.346438591,28.08,0.021652412
0.438142467,29.02,0.027383904
0.52746114,29.91,0.032966321
0.623817963,30.79,0.038988623
0.713590246,31.63,0.04459939
0.8111388,32.5,0.050696175
0.904340372,33.32,0.056521273
0.999560187,34.15,0.062472512
1.088841306,34.95,0.068052582
1.1877795,35.57,0.074236219
1.27967649,36.37,0.079979781
1.374344911,37.13,0.085896557
1.471049982,37.89,0.091940624
1.557738546,38.63,0.097358659
1.650063707,39.39,0.103128982
1.743482655,40.11,0.108967666
1.843808003,40.82,0.115238
1.930365878,41.54,0.120647867
2.025228001,42.25,0.12657675
2.125768701,42.94,0.132860544
2.208924888,43.61,0.138057805
2.308514565,44.27,0.14428216
2.401328598,44.91,0.150083037
2.497169106,45.54,0.156073069
2.591323348,46.16,0.161957709
2.695143217,46.75,0.168446451
2.785332659,47.28,0.174083291
2.887926652,47.78,0.180495416
2.985793034,48.26,0.186612065
3.077666957,48.69,0.192354185
3.171465917,49.09,0.19821662
3.275164445,49.47,0.204697778
3.372258188,49.84,0.210766137
3.381652975,46.86,0.211353311
3.364245655,44.78,0.210265353
3.276959017,42.57,0.204809939
3.187259745,40.65,0.199203734
3.099812851,38.94,0.193738303
3.010968987,37.39,0.188185562
2.920458065,35.93,0.182528629
2.833696704,34.53,0.177106044
2.7433055,33.22,0.171456594
2.649401677,31.92,0.165587605
2.568712191,30.64,0.160544512
2.470652772,29.33,0.154415798
2.384072373,28.06,0.149004523
2.284435076,26.77,0.142777192
2.199795315,25.49,0.137487207
2.111950576,24.22,0.131996911
2.023854405,22.95,0.1264909
1.933656447,21.62,0.120853528
1.842547655,20.3,0.115159228
1.753081541,18.96,0.109567596
1.665160404,17.61,0.104072525
1.576628172,16.27,0.098539261
1.49012969,14.93,0.093133106
1.405222853,13.6,0.087826428
1.31158734,12.27,0.081974209
1.231990515,10.96,0.076999407
1.15219829,9.608,0.072012393
1.075203437,8.296,0.067200215
0.975786567,6.936,0.06098666
0.903764338,5.543,0.056485271
0.815760923,4.121,0.050985058
0.73900309,2.727,0.046187693
0.650670589,1.454,0.040666912
0.574716515,0.1839,0.035919782
0.500997723,-1.05,0.031312358
0.435993534,-2.232,0.027249596
0.36895931,-3.431,0.023059957
0.297948336,-4.744,0.018621771
0.214852245,-6.102,0.013428265
0.138478432,-7.476,0.008654902
0.061468036,-8.879,0.003841752
-0.019371587,-10.27,-0.001210724
-0.10030892,-11.66,-0.006269308
-0.188855201,-13.04,-0.01180345
-0.272855561,-14.39,-0.017053473
-0.361625169,-15.71,-0.022601573
-0.441562508,-16.97,-0.027597657
-0.52738513,-18.25,-0.032961571
-0.620725848,-19.5,-0.038795365
-0.704211465,-20.72,-0.044013217
-0.797278405,-21.9,-0.0498299
-0.879543549,-23.08,-0.054971472
-0.961424978,-24.2,-0.060089061
-1.059289886,-25.3,-0.066205618
-1.14921163,-26.39,-0.071825727
-1.240159777,-27.47,-0.077509986
-1.327824734,-28.52,-0.082989046
-1.414205342,-29.54,-0.088387834
-1.512383636,-30.56,-0.094523977
-1.609249437,-31.54,-0.10057809
-1.708164381,-32.52,-0.106760274
-1.797477709,-33.47,-0.112342357
-1.889617636,-34.43,-0.118101102
-1.989552208,-35.35,-0.124347013
-2.085123979,-36.28,-0.130320249
-2.175982162,-37.15,-0.135998885
-2.268626885,-38.05,-0.14178918
-2.366876519,-38.88,-0.147929782
-2.468334163,-39.75,-0.154270885
-2.565900454,-40.55,-0.160368778
-2.658359187,-41.35,-0.166147449
-2.755216931,-42.12,-0.172201058
-2.853503413,-42.84,-0.178343963
-2.954059525,-43.53,-0.18462872
-3.054728535,-44.15,-0.190920533
-3.150764442,-44.74,-0.196922778
-3.253949144,-45.25,-0.203371821
-3.360383798,-45.73,-0.210023987
-3.460668327,-46.15,-0.21629177
-3.557377266,-45.8,-0.222336079
-3.560527224,-43.26,-0.222532951
-3.458547201,-39.74,-0.2161592
-3.328390956,-36.17,-0.208024435
-3.194419897,-33.1,-0.199651244
-3.070897625,-30.29,-0.191931102
-2.934567597,-27.6,-0.183410475
-2.802064704,-24.95,-0.175129044
-2.670975559,-22.38,-0.166935972
-2.53960409,-19.89,-0.158725256
-2.416475331,-17.41,-0.151029708
-2.28533964,-14.97,-0.142833727
-2.158085745,-12.77,-0.134880359
-2.033209211,-10.49,-0.127075576
-1.899444195,-8.258,-0.118715262
-1.779932982,-6.091,-0.111245811
-1.656449533,-3.989,-0.103528096
-1.534045552,-1.889,-0.095877847
-1.414409928,0.1297,-0.08840062
-1.306689596,1.896,-0.0816681
-1.210381617,3.651,-0.075648851
-1.085197772,5.582,-0.067824861
-0.963933018,7.544,-0.060245814
-0.843491447,9.51,-0.052718215
-0.714562986,11.49,-0.044660187
-0.593871652,13.49,-0.037116978
-0.457966174,15.42,-0.028622886
-0.320644823,17.28,-0.020040301
-0.183818894,19.05,-0.011488681
-0.053661896,20.73,-0.003353869
0.080923318,22.32,0.005057707
0.219213425,23.88,0.013700839
0.358423317,25.39,0.022401457
0.488276496,26.82,0.030517281
0.629239579,28.22,0.039327474
0.769307406,29.56,0.048081713
0.910506839,30.86,0.056906677
1.055849239,32.13,0.065990577
1.199288557,33.33,0.074955535
1.339144922,34.52,0.083696558
1.476728008,35.67,0.0922955
1.618617012,36.81,0.101163563
1.75484056,37.93,0.109677535
1.893396337,39.02,0.118337271
2.043761167,40.1,0.127735073
2.179529534,41.16,0.136220596
2.319411708,42.19,0.144963232
2.465957331,43.22,0.154122333
2.608831371,44.2,0.163051961
2.746031764,45.12,0.171626985
2.898922445,46.01,0.181182653
3.043672563,46.83,0.190229535
3.188792403,47.55,0.199299525
3.336293079,48.17,0.208518317
3.496405098,48.67,0.218525319
3.64145675,49.11,0.227591047
3.798564127,49.47,0.237410258
3.953079507,49.75,0.247067469
4.11146426,49.97,0.256966516
4.265603489,50.1,0.266600218
4.288263642,47.04,0.268016478
4.227241996,44.36,0.264202625
4.095154502,41.45,0.255947156
3.953292065,39.15,0.247080754
3.82198781,37.14,0.238874238
3.683025058,35.25,0.230189066
3.541090968,33.42,0.221318186
3.401329449,31.65,0.212583091
3.261771767,29.9,0.203860735
3.124073761,28.2,0.19525461
2.985292281,26.52,0.186580768
2.844459388,24.83,0.177778712
2.70822725,23.16,0.169264203
2.572884036,21.48,0.160805252
2.427535471,19.77,0.151720967
2.287139201,18.06,0.1429462
2.1592139,16.33,0.134950869
2.021211806,14.59,0.126325738
1.886061282,12.85,0.11787883
1.749578916,11.1,0.109348682
1.623569548,9.406,0.101473097
1.499881628,7.78,0.093742602
1.373585794,6.014,0.085849112
1.244258767,4.228,0.077766173
1.113440471,2.442,0.069590029
0.988445929,0.762,0.061777871
0.874131409,-0.8451,0.054633213
0.763449005,-2.395,0.047715563
0.658602544,-4.017,0.041162659
0.528932862,-5.732,0.033058304
0.407082832,-7.466,0.025442677
0.279501376,-9.172,0.017468836
0.154624248,-10.84,0.009664015
0.025638635,-12.5,0.001602415
-0.102594672,-14.13,-0.006412167
-0.252893526,-15.76,-0.015805845
-0.376075897,-17.37,-0.023504744
-0.512906747,-18.95,-0.032056672
-0.644760772,-20.51,-0.040297548
-0.783733142,-22.01,-0.048983321
-0.914231379,-23.53,-0.057139461
-1.055392607,-24.97,-0.065962038
-1.189247652,-26.45,-0.074327978
-1.337510145,-27.87,-0.083594384
-1.469331055,-29.27,-0.091833191
-1.619579581,-30.62,-0.101223724
-1.757913457,-31.92,-0.109869591
-1.898597698,-33.15,-0.118662356
-2.047319459,-34.4,-0.127957466
-2.188999929,-35.64,-0.136812496
-2.329897587,-36.89,-0.145618599
-2.472850308,-38.06,-0.154553144
-2.620722618,-39.22,-0.163795164
-2.762178307,-40.33,-0.172636144
-2.912192233,-41.36,-0.182012015
-3.070026219,-42.28,-0.191876639
-3.217001772,-43.12,-0.201062611
-3.368993308,-43.85,-0.210562082
-3.518976225,-44.47,-0.219936014
-3.68081322,-44.95,-0.230050826
-3.837476119,-45.38,-0.239842257
-3.991259679,-45.69,-0.24945373
-4.15644952,-45.98,-0.259778095
-4.317890326,-46.2,-0.269868145
-4.46704704,-45.59,-0.27919044
-4.476857069,-42.38,-0.279803567
-4.478455638,-42.75,-0.279903477
-4.330723413,-38.05,-0.270670213
-4.198590213,-34.79,-0.262411888
-4.063807087,-31.9,-0.253987943
-3.934664693,-29.19,-0.245916543
-3.805323839,-26.67,-0.23783274
-3.667695551,-24.31,-0.229230972
-3.538803296,-22.05,-0.221175206
-3.398594944,-19.9,-0.212412184
-3.262222298,-17.82,-0.203888894
-3.120476913,-15.79,-0.195029807
-2.990826286,-13.87,-0.186926643
-2.860537782,-12.09,-0.178783611
-2.723505959,-10.23,-0.170219122
-2.592537981,-8.433,-0.162033624
-2.460398804,-6.674,-0.153774925
-2.324885244,-4.984,-0.145305328
-2.199906361,-3.35,-0.137494148
-2.067114059,-1.727,-0.129194629
-1.939549835,-0.1328,-0.121221865
-1.819225867,1.38,-0.113701617
-1.717741576,2.756,-0.107358849
-1.589831367,4.319,-0.09936446
-1.463589132,5.894,-0.091474321
-1.334816922,7.491,-0.083426058
-1.205402511,9.069,-0.075337657
-1.075852948,10.68,-0.067240809
-0.939063902,12.28,-0.058691494
-0.8043804,13.84,-0.050273775
-0.677347983,15.37,-0.042334249
-0.525743178,16.84,-0.032858949
-0.389689856,18.3,-0.024355616
-0.250728373,19.73,-0.015670523
-0.109337367,21.1,-0.006833585
0.029484541,22.42,0.001842784
0.165196274,23.7,0.010324767
0.311044247,24.9,0.019440265
0.451511792,26.09,0.028219487
0.597573583,27.21,0.037348349
0.735427964,28.3,0.045964248
0.878390537,29.38,0.054899409
1.019656023,30.45,0.063728501
1.15739506,31.46,0.072337191
1.31275285,32.45,0.082047053
1.456591032,33.41,0.091036939
1.597094003,34.37,0.099818375
1.750209199,35.31,0.109388075
1.889106559,36.22,0.11806916
2.04161071,37.13,0.127600669
2.175921711,38.01,0.135995107
2.320836518,38.9,0.145052282
2.469091768,39.73,0.154318235
2.609078582,40.55,0.163067411
2.762813413,41.31,0.172675838
2.904885185,42.07,0.181555324
3.053702349,42.79,0.190856397
3.196838571,43.49,0.199802411
3.351491096,44.17,0.209468194
3.495594552,44.78,0.21847466
3.642541934,45.34,0.227658871
3.804902667,45.83,0.237806417
3.954461416,46.31,0.247153839
4.10674107,46.72,0.256671317
4.250961086,47.07,0.265685068
4.267448504,43.72,0.266715532
4.226015047,41.55,0.26412594
4.103802696,39.21,0.256487668
3.962367867,36.48,0.247647992
3.82458738,34.86,0.239036711
3.687021739,32.64,0.230438859
3.544130765,30.87,0.221508173
3.413775766,29.15,0.213360985
3.267655975,27.84,0.204228498
3.126707478,26.23,0.195419217
2.985767204,24.37,0.18661045
2.845408783,23.14,0.177838049
2.700914978,21.63,0.168807186
2.568523021,20.1,0.160532689
2.427268318,18.28,0.15170427
2.284472671,16.74,0.142779542
2.147533828,15.21,0.134220864
2.009761153,13.96,0.125610072
1.872720042,12.42,0.117045003
1.740719118,10.86,0.108794945
1.604828283,9.37,0.100301768
1.473302621,7.947,0.092081414
1.342495334,6.409,0.083905958
1.213182628,4.861,0.075823914
1.080311465,3.296,0.067519467
0.949298574,1.798,0.059331161
0.828468274,0.08854,0.051779267
0.702269883,-1.007,0.043891868
0.585257796,-2.557,0.036578612
0.466445818,-3.634,0.029152864
0.340019396,-5.28,0.021251212
0.212487403,-6.674,0.013280463
0.081668414,-7.789,0.005104276
-0.05121873,-9.18,-0.003201171
-0.183201651,-10.56,-0.011450103
-0.327478534,-11.89,-0.020467408
-0.457679658,-13.26,-0.028604979
-0.594074467,-14.62,-0.037129654
-0.734511286,-15.98,-0.045906955
-0.872467494,-17.59,-0.054529218
-1.009120408,-18.93,-0.063070026
-1.158330115,-19.99,-0.072395632
-1.294781971,-21.3,-0.080923873
-1.428232284,-22.58,-0.089264518
-1.577304603,-24.1,-0.098581538
-1.717794957,-25.36,-0.107362185
-1.856017521,-26.36,-0.116001095
-2.002846282,-27.6,-0.125177893
-2.14423325,-28.84,-0.134014578
-2.286510726,-30.06,-0.14290692
-2.437665368,-31.23,-0.152354085
-2.579640035,-32.4,-0.161227502
-2.71884976,-33.54,-0.16992811
-2.869639325,-34.63,-0.179352458
-3.017447521,-35.92,-0.18859047
-3.161182251,-36.98,-0.197573891
-3.306133565,-37.79,-0.206633348
-3.453568129,-38.74,-0.215848008
-3.605912331,-39.8,-0.225369521
-3.75434445,-40.46,-0.234646528
-3.910540714,-41.38,-0.244408795
-4.061414365,-42.07,-0.253838398
-4.216974346,-42.68,-0.263560897
-4.375585403,-43.18,-0.273474088
-4.431085195,-41.94,-0.276942825
-4.445768649,-39.84,-0.277860541
-4.3887822,-38.81,-0.274298887
-4.217704456,-32.88,-0.263606529
-4.036725188,-29.89,-0.252295324
-3.863794679,-26.65,-0.241487167
-3.680328216,-23.69,-0.230020513
-3.502328514,-20.43,-0.218895532
-3.319282123,-17.85,-0.207455133
-3.132001217,-15.44,-0.195750076
-2.954108133,-13.51,-0.184631758
-2.771478563,-10.85,-0.17321741
-2.591864997,-8.672,-0.161991562
-2.409555411,-6.957,-0.150597213
-2.233363859,-4.522,-0.139585241
-2.056102173,-2.509,-0.128506386
-1.878324147,-0.9378,-0.117395259
-1.707835494,0.924,-0.106739718
-1.569796244,2.598,-0.098112265
-1.387904714,4.409,-0.086744045
-1.22157138,6.248,-0.076348211
-1.039168087,8.084,-0.064948005
-0.860498877,10.27,-0.05378118
-0.683341872,11.71,-0.042708867
-0.496924021,13.88,-0.031057751
-0.318318876,15.71,-0.01989493
-0.116422469,17.11,-0.007276404
0.063119196,18.83,0.00394495
0.253673439,20.47,0.01585459
0.44050649,22.05,0.027531656
0.625313757,23.57,0.03908211
0.820943236,25.34,0.051308952
1.013747555,26.48,0.063359222
1.204619111,28.16,0.075288694
1.394157927,29.25,0.08713487
1.589526652,30.59,0.099345416
1.780276181,32.15,0.111267261
1.978302475,33.16,0.123643905
2.170163255,34.41,0.135635203
2.359144568,35.9,0.147446535
2.553902346,37.1,0.159618897
2.740310136,38.04,0.171269384
2.93685425,39.2,0.183553391
3.13489771,40.33,0.195931107
3.332014225,41.36,0.208250889
3.5250825,42.37,0.220317656
3.724043336,43.29,0.232752708
3.922146671,44.11,0.245134167
4.128662868,44.84,0.258041429
4.32759556,45.55,0.270474722
4.526574786,45.97,0.282910924
4.746024742,46.42,0.296626546
4.948550424,46.69,0.309284402
5.110571353,46.01,0.31941071
5.147665255,43.85,0.321729078
5.140271372,43.73,0.321266961
5.145553395,43.69,0.321597087
5.070893581,40.97,0.316930849
4.88316462,37.5,0.305197789
4.697831996,34.78,0.2936145
4.514328097,32.36,0.282145506
4.322707072,30.11,0.270169192
4.132660421,28,0.258291276
3.942289196,26,0.246393075
3.752012072,24.05,0.234500755
3.565122589,22.15,0.222820162
3.380354899,20.28,0.211272181
3.181975667,18.39,0.198873479
2.999473019,16.56,0.187467064
2.805916127,14.76,0.175369758
2.622458549,12.94,0.163903659
2.436036407,11.09,0.152252275
2.257394922,9.375,0.141087183
2.087515104,7.727,0.130469694
1.903219812,5.989,0.118951238
1.727295782,4.283,0.107955986
1.541904222,2.602,0.096369014
1.370413919,1.005,0.08565087
1.192532543,-0.5557,0.074533284
1.018089343,-2.043,0.063630584
0.850931121,-3.497,0.053183195
0.676639252,-4.976,0.042289953
0.496347107,-6.448,0.031021694
0.316027426,-7.897,0.019751714
0.130129814,-9.393,0.008133113
-0.052017298,-10.92,-0.003251081
-0.237064042,-12.46,-0.014816503
-0.426413545,-14.01,-0.026650847
-0.608870202,-15.57,-0.038054388
-0.800449455,-17.14,-0.050028091
-0.993314209,-18.66,-0.062082138
-1.175975731,-20.16,-0.073498483
-1.363245478,-21.62,-0.085202842
-1.559648946,-23.16,-0.097478059
-1.748553713,-24.66,-0.109284607
-1.940205568,-26.16,-0.121262848
-2.127350649,-27.6,-0.132959416
-2.321521463,-29.02,-0.145095091
-2.513905117,-30.42,-0.15711907
-2.715490771,-31.81,-0.169718173
-2.905844829,-33.17,-0.181615302
-3.098942613,-34.49,-0.193683913
-3.301178494,-35.75,-0.206323656
-3.498263014,-36.95,-0.218641438
-3.696434173,-38.07,-0.231027136
-3.905162785,-39.09,-0.244072674
-4.105631933,-39.95,-0.256601996
-4.310460799,-40.72,-0.2694038
-4.508641076,-41.36,-0.281790067
-4.731738257,-41.85,-0.295733641
-4.947526615,-42.24,-0.309220413
-5.154069489,-42.55,-0.322129343
-5.32049275,-41.68,-0.332530797
-5.332182262,-38.83,-0.333261391
-5.335475943,-39.16,-0.333467246
-5.198316297,-34.81,-0.324894769
-5.017490697,-30.77,-0.313593169
-4.8366465,-27.58,-0.302290406
-4.656043003,-24.81,-0.291002688
-4.466775021,-22.32,-0.279173439
-4.281117652,-19.98,-0.267569853
-4.089822331,-17.75,-0.255613896
-3.903382679,-15.63,-0.243961417
-3.717795745,-13.65,-0.232362234
-3.528709274,-11.83,-0.22054433
-3.339507265,-9.959,-0.208719204
-3.150191573,-8.197,-0.196886973
-2.963732131,-6.491,-0.185233258
-2.779445791,-4.82,-0.173715362
-2.594182304,-3.184,-0.162136394
-2.410030722,-1.585,-0.15062692
-2.232779445,-0.01432,-0.139548715
-2.062568017,1.478,-0.128910501
-1.900971469,2.854,-0.118810717
-1.72191324,4.299,-0.107619578
-1.538279933,5.758,-0.096142496
-1.356325562,7.189,-0.084770348
-1.17795169,8.605,-0.073621981
-0.989820118,10.03,-0.061863757
-0.801743131,11.44,-0.050108946
-0.614879661,12.87,-0.038429979
-0.422212445,14.28,-0.026388278
-0.230895345,15.69,-0.014430959
-0.044020097,17.08,-0.002751256
0.150604344,18.46,0.009412771
0.348884491,19.79,0.021805281
0.537772853,21.11,0.033610803
0.733262884,22.38,0.04582893
0.920699965,23.68,0.057543748
1.115636706,24.92,0.069727294
1.307625657,26.14,0.081726604
1.508069454,27.32,0.094254341
1.690714254,28.48,0.105669641
1.886434258,29.64,0.117902141
2.084369131,30.76,0.130273071
2.278877814,31.87,0.142429863
2.478283244,32.96,0.154892703
2.670616781,34.02,0.166913549
2.869544451,35.03,0.179346528
3.067823124,36.03,0.191738945
3.262364057,37.01,0.203897754
3.462341192,37.98,0.216396324
3.662480282,38.92,0.228905018
3.859675569,39.8,0.241229723
4.057547843,40.61,0.25359674
4.255965026,41.34,0.265997814
4.45591115,42.03,0.278494447
4.66047477,42.64,0.291279673
4.867062242,43.19,0.30419139
5.074352084,43.6,0.317147005
5.132056903,42.93,0.320753556
5.1520174,40.67,0.322001087
5.151823125,40.77,0.321988945
5.082085025,37.71,0.317630314
4.899968082,34.28,0.306248005
4.720879351,31.58,0.295054959
4.5315434,29.24,0.283221462
4.348790894,27.13,0.271799431
4.155540902,25.13,0.259721306
3.96299643,23.24,0.247687277
3.777245504,21.41,0.236077844
3.584866697,19.66,0.224054169
3.394682354,17.93,0.212167647
3.206916873,16.23,0.200432305
3.017958093,14.54,0.188622381
2.827440141,12.88,0.176715009
2.644992438,11.26,0.165312027
2.45721174,9.745,0.153575734
2.27707937,8.316,0.142317461
2.100012242,6.838,0.131250765
1.911736445,5.358,0.119483528
1.728196584,3.928,0.108012286
1.538709946,2.528,0.096169372
1.352542227,1.213,0.084533889
1.179225908,-0.07526,0.073701619
0.991863021,-1.319,0.061991439
0.816736137,-2.506,0.051046009
0.646906039,-3.74,0.040431627
0.459112733,-4.953,0.028694546
0.27503185,-6.181,0.017189491
0.090250809,-7.403,0.005640676
-0.093330886,-8.662,-0.00583318
-0.289421604,-9.964,-0.01808885
-0.469639472,-11.3,-0.029352467
-0.664058981,-12.65,-0.041503686
-0.855401769,-14,-0.053462611
-1.040538456,-15.36,-0.065033654
-1.237125501,-16.7,-0.077320344
-1.426455482,-18.04,-0.089153468
-1.621610858,-19.34,-0.101350679
-1.805736864,-20.64,-0.112858554
-2.001460746,-21.93,-0.125091297
-2.192794532,-23.23,-0.137049658
-2.395547347,-24.51,-0.149721709
-2.587488198,-25.77,-0.161718012
-2.776154294,-27.04,-0.173509643
-2.981909104,-28.3,-0.186369319
-3.170204421,-29.54,-0.198137776
-3.373197123,-30.79,-0.21082482
-3.565477404,-32.01,-0.222842338
-3.764115261,-33.21,-0.235257204
-3.961624168,-34.36,-0.247601511
-4.164956355,-35.45,-0.260309772
-4.370954661,-36.46,-0.273184666
-4.578184927,-37.41,-0.286136558
-4.782101794,-38.25,-0.298881362
-4.988382796,-38.98,-0.311773925
-5.202223723,-39.61,-0.325138983
-5.39944313,-39.05,-0.337465196
-5.403981276,-36.58,-0.33774883
-5.374622204,-36.52,-0.335913888
-5.144927558,-30.22,-0.321557972
-4.921660839,-26.19,-0.307603802
-4.691223087,-22.91,-0.293201443
-4.458355064,-20.08,-0.278647191
-4.221864519,-17.47,-0.263866532
-3.978721418,-15,-0.248670089
-3.74053935,-12.71,-0.233783709
-3.502636464,-10.56,-0.218914779
-3.265226905,-8.528,-0.204076682
-3.034510803,-6.584,-0.189656925
-2.798824282,-4.707,-0.174926518
-2.560229078,-2.879,-0.160014317
-2.150176895,0.2279,-0.134386056
-1.930698259,1.802,-0.120668641
-1.721689433,3.306,-0.10760559
-1.487549603,4.884,-0.09297185
-1.260129068,6.461,-0.078758067
-1.01850131,8.016,-0.063656332
-0.795388215,9.559,-0.049711763
-0.555762839,11.07,-0.034735177
-0.317590501,12.6,-0.019849406
-0.071100852,14.14,-0.004443803
0.167123142,15.63,0.010445196
0.412820675,17.11,0.025801292
0.4982,18.58,0.0311375
0.7337,20.03,0.04585625
1.02,21.77,0.06375
1.261,23.21,0.0788125
1.503,24.68,0.0939375
2.177,28.67,0.1360625
2.466,30.29,0.154125
2.708,31.6,0.16925
3.001,33.19,0.1875625
3.342,34.99,0.208875
3.826,37.42,0.239125
4.065,38.49,0.2540625
4.311,39.5,0.2694375
4.794729954,40.37,0.299670622
5.05518994,41.14,0.315949371
5.305323122,41.77,0.331582695
5.554446946,42.2,0.347152934
5.817036171,42.49,0.363564761
6.082563946,42.79,0.380160247
6.334839513,43,0.39592747
6.596845966,43.19,0.412302873
6.860291358,43.29,0.42876821
6.883366521,40.62,0.430210408
6.817126708,37.53,0.426070419
6.595422939,33.6,0.412213934
6.3552362,30.61,0.397202262
6.123632658,28.05,0.382727041
5.879447519,25.75,0.36746547
5.641973031,23.62,0.352623314
5.402105063,21.59,0.337631566
5.159071848,19.63,0.322441991
4.91651564,17.74,0.307282228
4.674400364,15.92,0.292150023
4.433735523,14.12,0.27710847
4.188573393,12.35,0.261785837
3.955721909,10.63,0.247232619
3.727815729,9.07,0.232988483
3.499319339,7.501,0.218707459
3.256500272,5.976,0.203531267
3.020136256,4.497,0.188758516
2.78538914,3.037,0.174086821
2.554208389,1.669,0.159638024
2.310790122,0.3805,0.144424383
2.083895476,-0.8729,0.130243467
1.850375417,-2.088,0.115648464
1.622166397,-3.294,0.1013854
1.382071517,-4.533,0.08637947
1.147254605,-5.762,0.071703413
0.91348216,-6.986,0.057092635
0.679637389,-8.272,0.042477337
0.435433936,-9.574,0.027214621
0.199738017,-10.9,0.012483626
-0.040817533,-12.22,-0.002551096
-0.282144222,-13.57,-0.017634014
-0.517252392,-14.93,-0.032328275
-0.760121411,-16.31,-0.047507588
-1.000198629,-17.71,-0.062512414
-1.242245198,-19.08,-0.077640325
-1.48633868,-20.44,-0.092896168
-1.731543269,-21.67,-0.108221454
-1.9744226,-23.03,-0.123401412
-2.217149511,-24.31,-0.138571844
-2.468130861,-25.61,-0.154258179
-2.705692442,-26.91,-0.169105778
-2.962113762,-28.2,-0.18513211
-3.208631688,-29.47,-0.200539481
-3.461820713,-30.73,-0.216363795
-3.711471071,-31.97,-0.231966942
-3.962656096,-33.19,-0.247666006
-4.216856978,-34.3,-0.263553561
-4.472812801,-35.29,-0.2795508
-4.731076111,-36.14,-0.295692257
-4.9883888,-36.92,-0.3117743
-5.252519951,-37.6,-0.328282497
-5.517969385,-38.17,-0.344873087
-5.78387772,-38.63,-0.361492358
-6.058594043,-39.05,-0.378662128
-6.327516991,-39.39,-0.395469812
-6.60078707,-39.67,-0.412549192
-6.869805454,-39.85,-0.429362841
-7.150293508,-39.49,-0.446893344
-7.151426087,-38.59,-0.44696413
-7.16211257,-37.16,-0.447632036
-7.04367336,-33.78,-0.440229585
-6.808153038,-29.34,-0.425509565
-6.571034993,-26.05,-0.410689687
-6.336136605,-23.3,-0.396008538
-6.096127771,-20.87,-0.381007986
-5.854337299,-18.69,-0.365896081
-5.607656553,-16.6,-0.350478535
-5.362381487,-14.68,-0.335148843
-5.115812282,-12.86,-0.319738268
-4.872967469,-11.13,-0.304560467
-4.622789041,-9.476,-0.288924315
-4.384370884,-7.875,-0.27402318
-4.143672524,-6.308,-0.258979533
-3.907997074,-4.814,-0.244249817
-3.661060988,-3.343,-0.228816312
-3.425410948,-1.95,-0.214088184
-3.186708026,-0.5508,-0.199169252
-2.955004913,0.7943,-0.184687807
-2.738341612,2.045,-0.171146351
-2.508662633,3.279,-0.156791415
-2.273219278,4.547,-0.142076205
-2.038992663,5.807,-0.127437041
-1.79387227,7.036,-0.112117017
-1.552886458,8.259,-0.097055404
-1.311027829,9.469,-0.081939239
-1.069319978,10.66,-0.066832499
-0.826734777,11.8,-0.051670924
-0.581910613,12.92,-0.036369413
-0.342464008,14.05,-0.021404001
-0.09225497,15.15,-0.005765936
0.15429159,16.2,0.009643224
0.406248871,17.27,0.025390554
0.64763847,18.32,0.040477404
0.898497235,19.37,0.056156077
1.146065858,20.39,0.071629116
1.390971789,21.42,0.086935737
1.64069955,22.43,0.102543722
1.884057158,23.45,0.117753572
2.138312847,24.48,0.133644553
2.382310489,25.52,0.148894406
2.634207952,26.54,0.164637997
2.885966076,27.56,0.18037288
3.135159887,28.54,0.195947493
3.375823793,29.51,0.210988987
3.624077371,30.48,0.226504836
3.879732212,31.44,0.242483263
4.132392182,32.37,0.258274511
4.374218275,33.26,0.273388642
4.627438145,34.12,0.289214884
4.889685223,34.92,0.305605326
5.141098231,35.67,0.321318639
5.39217222,36.37,0.337010764
5.638963664,37.01,0.352435229
5.900735741,37.59,0.368795984
6.153601314,38.13,0.384600082
6.411970486,38.62,0.400748155
6.66716072,38.99,0.416697545
6.771082207,38.58,0.423192638
6.800448965,36.18,0.42502806
6.789747877,36.18,0.424359242
6.782885063,36.24,0.423930316
6.73408974,33.49,0.420880609
6.497904112,29.73,0.406119007
6.265826593,26.85,0.391614162
6.032811204,24.37,0.3770507
5.795419338,22.13,0.362213709
5.555880025,20.06,0.347242502
5.313246248,18.1,0.332077891
5.073388039,16.27,0.317086752
4.827509095,14.56,0.301719318
4.587098698,12.91,0.286693669
4.345534438,11.33,0.271595902
4.102909153,9.813,0.256431822
3.864567191,8.433,0.241535449
3.636534945,7.065,0.227283434
3.393134379,5.746,0.212070899
3.148118145,4.469,0.196757384
2.908999043,3.228,0.18181244
2.670438206,2.038,0.166902388
2.434374226,0.9276,0.152148389
2.200634674,-0.188,0.137539667
1.962308161,-1.222,0.12264426
1.728772833,-2.261,0.108048302
1.494071419,-3.273,0.093379464
1.259567275,-4.298,0.078722955
1.007275878,-5.324,0.062954742
0.773978154,-6.373,0.048373635
0.522151449,-7.402,0.032634466
0.285269301,-8.432,0.017829331
0.042164311,-9.511,0.002635269
-0.195027478,-10.61,-0.012189217
-0.439628739,-11.74,-0.027476796
-0.682244654,-12.86,-0.042640291
-0.92354731,-13.99,-0.057721707
-1.174475763,-15.14,-0.073404735
-1.417075168,-16.26,-0.088567198
-1.66385197,-17.38,-0.103990748
-1.909709916,-18.47,-0.11935687
-2.161824758,-19.55,-0.135114047
-2.400281152,-20.61,-0.150017572
-2.649563247,-21.65,-0.165597703
-2.900088299,-22.75,-0.181255519
-3.141092086,-23.79,-0.196318255
-3.396660658,-24.84,-0.212291291
-3.641720802,-25.89,-0.22760755
-3.896259028,-26.93,-0.243516189
-4.14724499,-27.97,-0.259202812
-4.394539705,-29.02,-0.274658732
-4.650008852,-30.07,-0.290625553
-4.908343077,-31.09,-0.306771442
-5.164631766,-32.04,-0.322789485
-5.423818017,-32.95,-0.338988626
-5.678689478,-33.77,-0.354918092
-5.938821513,-34.53,-0.371176345
-6.201102182,-35.17,-0.387568886
-6.462351591,-35.81,-0.403896974
-6.723179017,-36.35,-0.420198689
-6.990480117,-36.78,-0.436905007
-7.22205089,-34.06,-0.451378181
-7.214009646,-34.04,-0.450875603
-7.215745531,-34.03,-0.450984096
-7.055314334,-30.85,-0.440957146
-6.778844986,-26.23,-0.423677812
-6.489032119,-22.87,-0.405564507
-6.205411985,-20.08,-0.387838249
-5.912985862,-17.67,-0.369561616
-5.615294655,-15.46,-0.350955916
-5.313435685,-13.52,-0.33208973
-5.019638536,-11.6,-0.313727409
-4.727733537,-9.775,-0.295483346
-4.43646323,-8.051,-0.277278952
-4.145483768,-6.386,-0.259092735
-3.864677264,-4.764,-0.241542329
-3.572164095,-3.208,-0.223260256
-3.292508716,-1.681,-0.205781795
-3.006067546,-0.2078,-0.187879222
-2.729052883,1.214,-0.170565805
-2.465835044,2.499,-0.15411469
-2.185719668,3.831,-0.136607479
-1.895158211,5.16,-0.118447388
-1.612290342,6.429,-0.100768146
-1.326701021,7.647,-0.082918814
-1.03142741,8.843,-0.064464213
-0.74814266,10.01,-0.046758916
-0.453843408,11.16,-0.028365213
-0.153808966,12.3,-0.00961306
0.138870474,13.44,0.008679405
0.428716253,14.56,0.026794766
0.720831291,15.7,0.045051956
1.025796786,16.83,0.064112299
1.321109563,17.97,0.082569348
1.614805061,19.11,0.100925316
1.913253788,20.28,0.119578362
2.203160741,21.45,0.137697546
2.508613293,22.61,0.156788331
2.803701091,23.8,0.175231318
3.095783419,24.97,0.193486464
3.398451897,26.14,0.212403244
3.694713364,27.28,0.230919585
3.990827907,28.4,0.249426744
4.288552912,29.49,0.268034557
4.583827613,30.55,0.286489226
4.880764244,31.55,0.305047765
5.185934398,32.52,0.3241209
5.486331006,33.43,0.342895688
5.780829002,34.26,0.361301813
6.085842299,34.98,0.380365144
6.390558596,35.56,0.399409912
6.695694112,36.03,0.418480882
6.991881696,36.39,0.436992606
7.306801232,36.62,0.456675077
7.603281404,36.84,0.475205088
7.908259355,37.01,0.49426621
8.206304134,37.1,0.512894008
8.300102325,35.84,0.518756395
8.324072017,34.38,0.520254501
8.316122698,34.27,0.519757669
8.235454843,30.83,0.514715928
7.970044732,26.77,0.498127796
7.691302518,23.65,0.480706407
7.39883668,20.89,0.462427293
7.11541601,18.52,0.444713501
6.832775128,16.29,0.427048446
6.55325859,14.25,0.409578662
6.263305394,12.39,0.391456587
5.976723064,10.66,0.373545192
5.687587359,9.05,0.35547421
5.407369767,7.574,0.33796061
5.126297466,6.147,0.320393592
4.831494402,4.77,0.3019684
4.53309913,3.492,0.283318696
4.252052344,2.24,0.265753271
3.963005683,1.068,0.247687855
3.684539668,-0.00651,0.230283729
3.398605565,-1.078,0.212412848
3.112435027,-2.11,0.194527189
2.83256311,-3.117,0.177035194
2.542244423,-4.106,0.158890276
2.24294044,-5.079,0.140183777
1.963355803,-6.069,0.122709738
1.667563571,-7.035,0.104222723
1.377531945,-8.055,0.086095747
1.088214876,-9.075,0.06801343
0.799205799,-10.11,0.049950362
0.49694863,-11.15,0.031059289
0.206368337,-12.15,0.012898021
-0.082307796,-13.17,-0.005144237
-0.382438847,-14.24,-0.023902428
-0.673876875,-15.3,-0.042117305
-0.958345691,-16.37,-0.059896606
-1.264327779,-17.4,-0.079020486
-1.557565788,-18.45,-0.097347862
-1.849874002,-19.5,-0.115617125
-2.152879192,-20.57,-0.134554949
-2.445926685,-21.58,-0.152870418
-2.74072828,-22.62,-0.171295518
-3.046430402,-23.63,-0.1904019
-3.345358175,-24.62,-0.209084886
-3.638907709,-25.64,-0.227431732
-3.9495907,-26.63,-0.246849419
-4.249374016,-27.58,-0.265585876
-4.55220615,-28.54,-0.284512884
-4.859952319,-29.49,-0.30374702
-5.160860744,-30.42,-0.322553797
-5.469465025,-31.35,-0.341841564
-5.780578797,-32.23,-0.361286175
-6.09342635,-33.02,-0.380839147
-6.403263046,-33.74,-0.40020394
-6.720537527,-34.36,-0.420033595
-7.03882106,-34.87,-0.439926316
-7.360348795,-35.31,-0.4600218
-7.671733557,-35.69,-0.479483347
-8.005054239,-35.93,-0.50031589
-8.327596579,-36.12,-0.520474786
-8.652551141,-36.31,-0.540784446
-8.909881152,-35.77,-0.556867572
-8.928227166,-33.56,-0.558014198
-8.93540537,-33.53,-0.558462836
-8.716779435,-29.36,-0.544798715
-8.431366534,-25.46,-0.526960408
-8.141002086,-22.51,-0.50881263
-7.855475312,-20.14,-0.490967207
-7.552950921,-18.08,-0.472059433
-7.250473312,-16.28,-0.453154582
-6.951936403,-14.6,-0.434496025
-6.649765714,-13.03,-0.415610357
-6.348239556,-11.54,-0.396764972
-6.047520935,-10.12,-0.377970058
-5.755156293,-8.73,-0.359697268
-5.46695283,-7.392,-0.341684552
-5.169737212,-6.103,-0.323108576
-4.882597947,-4.858,-0.305162372
-4.585710171,-3.64,-0.286606886
-4.297569585,-2.451,-0.268598099
-4.011269883,-1.235,-0.250704368
-3.718694193,-0.06563,-0.232418387
-3.435459114,1.085,-0.214716195
-3.166444084,2.139,-0.197902755
-2.891369104,3.194,-0.180710569
-2.598168149,4.236,-0.162385509
-2.308471373,5.282,-0.144279461
-2.021844637,6.315,-0.12636529
-1.727853336,7.297,-0.107990833
-1.431896437,8.257,-0.089493527
-1.142932611,9.092,-0.071433288
-0.849848363,9.981,-0.053115523
-0.556428474,10.87,-0.03477678
-0.262173277,11.77,-0.01638583
0.033976747,12.65,0.002123547
0.33447317,13.54,0.020904573
0.628841747,14.43,0.039302609
0.92526305,15.32,0.057828941
1.224222287,16.21,0.076513893
1.519232138,17.1,0.094952009
1.815515296,18.02,0.113469706
2.103523997,18.87,0.13147025
2.39574198,19.65,0.149733874
2.704720231,20.51,0.169045014
3.008388867,21.43,0.188024304
3.294836419,22.34,0.205927276
3.593146834,23.25,0.224571677
3.893598262,24.16,0.243349891
4.182345773,25.04,0.261396611
4.487846032,25.91,0.280490377
4.78007535,26.77,0.298754709
5.080858949,27.59,0.317553684
5.385055171,28.41,0.336565948
5.678120408,29.18,0.354882526
5.982808639,29.9,0.37392554
6.276845156,30.51,0.392302822
6.582871794,31.11,0.411429487
6.884795182,31.66,0.430299699
7.18685642,32.16,0.449178526
7.485603903,32.62,0.467850244
7.792779531,33.04,0.487048721
8.096182532,33.4,0.506011408
8.151511153,30.83,0.509469447
8.148060192,30.82,0.509253762
8.08243155,27.36,0.505151972
7.820391095,23.25,0.488774443
7.544654622,20.28,0.471540914
7.260674567,17.65,0.45379216
6.983867247,15.46,0.436491703
6.699651104,13.5,0.418728194
6.412542642,11.74,0.400783915
6.124521195,10.13,0.382782575
5.840133014,8.627,0.365008313
5.551464812,7.209,0.346966551
5.266687395,5.902,0.329167962
4.98378895,4.665,0.311486809
4.692522372,3.459,0.293282648
4.403859908,2.33,0.275241244
4.111772479,1.29,0.25698578
3.82779803,0.2797,0.239237377
3.534992397,-0.7224,0.220937025
3.246818007,-1.672,0.202926125
2.970908974,-2.567,0.185681811
2.679872546,-3.442,0.167492034
2.388977697,-4.247,0.149311106
2.09398149,-5.086,0.130873843
1.801515432,-5.927,0.112594714
1.516409888,-6.756,0.094775618
1.216887128,-7.606,0.076055445
0.922635235,-8.447,0.057664702
0.628485972,-9.316,0.039280373
0.332764737,-10.19,0.020797796
0.044599465,-11.07,0.002787467
-0.248395153,-11.96,-0.015524697
-0.550890667,-12.82,-0.034430667
-0.838697798,-13.69,-0.052418612
-1.138085013,-14.52,-0.071130313
-1.424054232,-15.48,-0.08900339
-1.725262179,-16.44,-0.107828886
-2.027737656,-17.34,-0.126733604
-2.319839293,-18.21,-0.144989956
-2.617451898,-19.13,-0.163590744
-2.917825831,-20.04,-0.182364114
-3.219647103,-20.9,-0.201227944
-3.51476196,-21.76,-0.219672623
-3.815078952,-22.59,-0.238442435
-4.117712014,-23.43,-0.257357001
-4.420644108,-24.23,-0.276290257
-4.719859034,-25.03,-0.29499119
-5.024167834,-25.8,-0.31401049
-5.327026881,-26.56,-0.33293918
-5.63492563,-27.35,-0.352182852
-5.946310524,-28.16,-0.371644408
-6.257389817,-28.94,-0.391086864
-6.570060315,-29.71,-0.41062877
-6.877867328,-30.45,-0.429866708
-7.19096567,-31.12,-0.449435354
-7.506091596,-31.78,-0.469130725
-7.814792233,-32.35,-0.488424515
-8.140046422,-32.84,-0.508752901
-8.461305115,-33.25,-0.52883157
-8.786268023,-33.63,-0.549141751
-9.056315166,-30.79,-0.566019698
-8.749867829,-25.85,-0.546866739
-8.413371926,-22.06,-0.525835745
-8.074167,-19.27,-0.504635438
-7.72839263,-16.96,-0.483024539
-7.372870967,-15.03,-0.460804435
-7.024265472,-13.23,-0.439016592
-6.671444494,-11.57,-0.416965281
-6.322639626,-10.04,-0.395164977
-5.978522157,-8.58,-0.373657635
-5.631535755,-7.14,-0.351970985
-5.289309942,-5.767,-0.330581871
-4.952461056,-4.438,-0.309528816
-4.607278715,-3.159,-0.28795492
-4.272471149,-1.935,-0.267029447
-3.926704499,-0.7469,-0.245419031
-3.586030852,0.4159,-0.224126928
-3.258367721,1.5,-0.203647983
-2.930254641,2.551,-0.183140915
-2.59789149,3.61,-0.162368218
-2.258743913,4.651,-0.141171495
-1.919832942,5.656,-0.119989559
-1.578765006,6.63,-0.098672813
-1.229133927,7.615,-0.07682087
-0.884252598,8.56,-0.055265787
-0.541566017,9.529,-0.033847876
-0.206820663,10.48,-0.012926291
0.131629027,11.47,0.008226814
0.482838557,12.45,0.03017741
0.828397568,13.37,0.051774848
1.179908399,14.28,0.073744275
1.524368836,15.26,0.095273052
1.867365858,16.23,0.116710366
2.21171868,17.22,0.138232418
2.557531485,18.21,0.159845718
2.899251138,19.23,0.181203196
3.239301447,20.23,0.20245634
3.590797139,21.27,0.224424821
3.937564123,22.32,0.246097758
4.278891054,23.38,0.267430691
4.63069791,24.44,0.289418619
4.974245587,25.45,0.310890349
5.316847792,26.45,0.332302987
5.668723873,27.39,0.354295242
6.015650989,28.26,0.375978187
6.376343725,29.07,0.398521483
6.716927327,29.81,0.419807958
7.073130586,30.5,0.442070662
7.427614661,31.1,0.464225916
7.785184812,31.57,0.486574051
8.133257622,32.02,0.508328601
8.185569491,31.12,0.511598093
8.377157764,32.33,0.52357236
8.72625382,32.68,0.545390864
9.09091218,32.91,0.568182011
9.445995562,33.13,0.590374723
9.801780884,33.37,0.612611305
9.837381539,30.04,0.614836346
9.836943331,30.06,0.614808958
9.692434938,24.89,0.605777184
9.381750905,20.89,0.586359432
9.055793293,17.89,0.565987081
8.722004626,15.25,0.545125289
8.404378769,12.99,0.525273673
8.066277149,11.05,0.504142322
7.736880875,9.295,0.483555055
7.399894521,7.708,0.462493408
7.063535649,6.219,0.441470978
6.727577965,4.823,0.420473623
6.389549605,3.53,0.39934685
6.054698189,2.355,0.378418637
5.712607111,1.266,0.357037944
5.379572095,0.1956,0.336223256
5.046778171,-0.8065,0.315423636
4.711260455,-1.777,0.294453778
4.380878465,-2.691,0.273804904
4.039078454,-3.574,0.252442403
3.703094046,-4.379,0.231443378
3.360747264,-5.134,0.210046704
3.013135931,-5.866,0.188320996
2.669069313,-6.632,0.166816832
2.321953698,-7.412,0.145122106
1.982303099,-8.209,0.123893944
1.634737744,-9.034,0.102171109
1.28944554,-9.822,0.080590346
0.94298932,-10.64,0.058936832
0.589897529,-11.32,0.036868596
0.247401867,-12.12,0.015462617
-0.096898008,-12.99,-0.006056126
-0.436449508,-13.85,-0.027278094
-0.785392438,-14.67,-0.049087027
-1.133392305,-15.49,-0.070837019
-1.4719153,-16.37,-0.091994706
-1.830359402,-17.25,-0.114397463
-2.179272679,-18.16,-0.136204542
-2.519247805,-19.06,-0.157452988
-2.867256888,-19.95,-0.179203555
-3.22019427,-20.83,-0.201262142
-3.563348181,-21.68,-0.222709261
-3.918035282,-22.54,-0.244877205
-4.269924051,-23.4,-0.266870253
-4.62530219,-24.25,-0.289081387
-4.970788455,-25.05,-0.310674278
-5.330612135,-25.81,-0.333163258
-5.688880301,-26.64,-0.355555019
-6.04941612,-27.42,-0.378088508
-6.411131409,-28.15,-0.400695713
-6.769809329,-28.87,-0.423113083
-7.135737517,-29.49,-0.445983595
-7.498866874,-30.16,-0.46867918
-7.859787666,-30.78,-0.491236729
-8.232510475,-31.25,-0.514531905
-8.598450749,-31.76,-0.537403172
-8.976839155,-32.17,-0.561052447
-9.347625538,-32.47,-0.584226596
-9.725695569,-32.63,-0.607855973
-10.10447753,-32.75,-0.631529846
-10.47662166,-32.92,-0.654788854
-10.85882588,-32.65,-0.678676617
-10.845546,-30.17,-0.677846625
-10.51596386,-23.97,-0.657247741
-10.17544545,-20.73,-0.635965341
-9.828448073,-18.23,-0.614278005
-9.473309078,-16.14,-0.592081817
-9.122946294,-14.27,-0.570184143
-8.769388717,-12.58,-0.548086795
-8.41118157,-11.1,-0.525698848
-8.063063127,-9.691,-0.503941445
-7.710281015,-8.402,-0.481892563
-7.367819327,-7.174,-0.460488708
-7.023489782,-5.987,-0.438968111
-6.676622847,-4.804,-0.417288928
-6.331617432,-3.649,-0.395726089
-5.985578402,-2.545,-0.37409865
-5.642897069,-1.505,-0.352681067
-5.295276114,-0.5026,-0.330954757
-4.962850044,0.4461,-0.310178128
-4.618351271,1.375,-0.288646954
-4.287410439,2.267,-0.267963152
-3.946510385,3.186,-0.246656899
-3.605520041,4.071,-0.225345003
-3.266560002,4.94,-0.20416
-2.914677838,5.788,-0.182167365
-2.572235618,6.63,-0.160764726
-2.232498242,7.418,-0.13953114
-1.890660244,8.226,-0.118166265
-1.541980454,9.035,-0.096373778
-1.198390613,9.807,-0.074899413
-0.852720993,10.52,-0.053295062
-0.505793438,11.28,-0.03161209
-0.160269453,12.04,-0.010016841
0.193688445,12.8,0.012105528
0.545565175,13.57,0.034097823
0.884015087,14.35,0.055250943
1.230022276,15.13,0.076876392
1.578249058,15.94,0.098640566
1.926458632,16.76,0.120403665
2.269368002,17.55,0.1418355
2.618299148,18.32,0.163643697
2.968305202,19.08,0.185519075
3.315948655,19.85,0.207246791
3.665272244,20.56,0.229079515
4.008431836,21.26,0.25052699
4.364391622,22.05,0.272774476
4.715318275,22.82,0.294707392
5.068051961,23.6,0.316753248
5.410912597,24.34,0.338182037
5.761919277,25.05,0.360119955
6.121859542,25.66,0.382616221
6.474012359,26.38,0.404625772
6.830936204,27.05,0.426933513
7.182212245,27.63,0.448888265
7.537165759,28.13,0.47107286
7.894405966,28.67,0.493400373
8.238159129,29.15,0.514884946
8.608628506,29.59,0.538039282
8.970590772,29.95,0.560661923
9.32607746,30.18,0.582879841
9.694946297,30.42,0.605934144
9.753575723,28.06,0.609598483
9.523265106,21.54,0.595204069
9.203705358,18.13,0.575231585
8.882692783,15.5,0.555168299
8.553663491,13.3,0.534603968
8.220975119,11.39,0.513810945
7.890353429,9.679,0.493147089
7.556304416,8.107,0.472269026
7.220185763,6.76,0.45126161
6.890801477,5.452,0.430675092
6.543448851,4.249,0.408965553
6.206396296,3.067,0.387899768
5.865876465,1.981,0.366617279
5.537914275,0.9445,0.346119642
5.201825677,-0.03333,0.325114105
4.860987984,-0.9688,0.303811749
4.534677178,-1.834,0.283417324
4.198709211,-2.661,0.262419326
3.854466359,-3.463,0.240904147
3.51360309,-4.205,0.219600193
3.171448793,-4.942,0.19821555
2.82528733,-5.642,0.176580458
2.480745024,-6.271,0.155046564
2.132193262,-6.906,0.133262079
1.783686949,-7.598,0.111480434
1.43947912,-8.31,0.089967445
1.091805422,-8.987,0.068237839
0.745937977,-9.69,0.046621124
0.402523576,-10.4,0.025157723
0.05233722,-11.11,0.003271076
-0.292831463,-11.87,-0.018301966
-0.639904435,-12.65,-0.039994027
-0.982411571,-13.43,-0.061400723
-1.327817634,-14.21,-0.082988602
-1.674575412,-14.93,-0.104660963
-2.019412002,-15.72,-0.12621325
-2.379518606,-16.52,-0.148719913
-2.714608009,-17.32,-0.169663001
-3.059996095,-18.11,-0.191249756
-3.408733886,-18.87,-0.213045868
-3.752774974,-19.65,-0.234548436
-4.106397227,-20.41,-0.256649827
-4.451610737,-21.15,-0.278225671
-4.810147398,-21.84,-0.300634212
-5.153806005,-22.54,-0.322112875
-5.512190322,-23.24,-0.344511895
-5.859813933,-23.91,-0.366238371
-6.217258017,-24.55,-0.388578626
-6.568719994,-25.18,-0.410545
-6.929812222,-25.78,-0.433113264
-7.293584046,-26.4,-0.455849003
-7.646112274,-26.98,-0.477882017
-8.011379485,-27.54,-0.500711218
-8.374335858,-28.06,-0.523395991
-8.730769162,-28.52,-0.545673073
-9.093994686,-28.96,-0.568374668
-9.462188775,-29.34,-0.591386798
-9.834652239,-29.68,-0.614665765
-10.20576759,-29.88,-0.637860475
-10.57684389,-30.17,-0.661052743
-10.77689457,-27.48,-0.67355591
-10.78280272,-27.55,-0.67392517
-10.50734485,-23.4,-0.656709053
-10.13026335,-19.32,-0.63314146
-9.741667358,-16.32,-0.60885421
-9.336807639,-13.98,-0.583550477
-8.934032425,-11.95,-0.558377027
-8.537371187,-10.19,-0.533585699
-8.132422631,-8.579,-0.508276414
-7.745842689,-7.099,-0.484115168
-7.34315935,-5.728,-0.458947459
-6.954603573,-4.395,-0.434662723
-6.558096966,-3.192,-0.40988106
-6.161220122,-1.99,-0.385076258
-5.7672212,-0.8323,-0.360451325
-5.371153809,0.2388,-0.335697113
-4.975904258,1.281,-0.310994016
-4.595964355,2.251,-0.287247772
-4.207376741,3.141,-0.262961046
-3.807355533,4.031,-0.237959721
-3.415332268,4.935,-0.213458267
-3.015092358,5.817,-0.188443272
-2.615054446,6.691,-0.163440903
-2.222136622,7.557,-0.138883539
-1.81674806,8.411,-0.113546754
-1.417385049,9.274,-0.088586566
-1.022726118,10.09,-0.063920382
-0.630323112,10.92,-0.039395194
-0.225831297,11.77,-0.014114456
0.170727165,12.59,0.010670448
0.572647162,13.43,0.035790448
0.969654336,14.24,0.060603396
1.367293912,15.14,0.085455869
1.771934301,16,0.110745894
2.169822845,16.6,0.135613928
2.578499685,17.46,0.16115623
2.980004347,18.3,0.186250272
3.378444291,19.17,0.211152768
3.777420582,20.04,0.236088786
4.18105736,20.93,0.261316085
4.574574393,21.78,0.2859109
4.978918915,22.55,0.311182432
5.379629413,23.33,0.336226838
5.784828735,24.11,0.361551796
6.184013631,24.9,0.386500852
6.585571859,25.63,0.411598241
6.993449772,26.29,0.437090611
7.406679714,26.9,0.462917482
7.81954612,27.37,0.488721632
8.233231101,27.86,0.514576944
8.649442321,28.31,0.540590145
9.066926767,28.78,0.566682923
9.481709603,29.15,0.59260685
9.902672878,29.48,0.618917055
10.332806,29.77,0.645800375
10.76057934,29.84,0.672536209
11.18725921,29.94,0.699203701
11.61836781,30,0.726147988
12.04107812,30.17,0.752567382
12.45988111,30.25,0.77874257
12.8983835,30.3,0.806148969
13.33115383,30.39,0.833197115
13.51472823,29.75,0.844670515
13.543688,25.91,0.8464805
13.24204222,20.64,0.827627639
12.87325093,17.41,0.804578183
12.50028058,14.89,0.781267536
12.11546813,12.79,0.757216758
11.7248072,10.95,0.73280045
11.34586922,9.278,0.709116826
10.96878693,7.784,0.685549183
10.58195497,6.54,0.661372186
10.20392041,5.27,0.637745026
9.813346591,4.031,0.613334162
9.426143552,2.817,0.589133972
9.042650273,1.662,0.565165642
8.657897546,0.551,0.541118597
8.268775454,-0.512,0.516798466
7.885172789,-1.536,0.492823299
7.505299212,-2.504,0.469081201
7.122427212,-3.41,0.445151701
6.724129353,-4.258,0.420258085
6.32437714,-5.101,0.395273571
5.932017557,-5.887,0.370751097
5.532660027,-6.639,0.345791252
5.136430734,-7.366,0.321026921
4.737466432,-8.071,0.296091652
4.336037283,-8.733,0.27100233
3.937516411,-9.349,0.246094776
3.534127875,-9.93,0.220882992
3.14183413,-10.15,0.196364633
2.738694298,-10.76,0.171168394
2.346359596,-11.41,0.146647475
1.951460557,-12.07,0.121966285
1.550456382,-12.74,0.096903524
1.157239027,-13.4,0.072327439
0.758258487,-14.05,0.047391155
0.366808028,-14.73,0.022925502
-0.033195981,-15.4,-0.002074749
-0.43368141,-16.09,-0.027105088
-0.827412086,-16.74,-0.051713255
-1.231323236,-17.38,-0.076957702
-1.624946899,-18.05,-0.101559181
-2.025738339,-18.56,-0.126608646
-2.416315387,-19.25,-0.151019712
-2.823288653,-19.82,-0.176455541
-3.220763027,-20.43,-0.201297689
-3.614556576,-20.92,-0.225909786
-4.016008114,-21.52,-0.251000507
-4.418042954,-22.09,-0.276127685
-4.819808818,-22.65,-0.301238051
-5.214748218,-23.18,-0.325921764
-5.614841964,-23.77,-0.350927623
-6.023499695,-24.27,-0.376468731
-6.422187184,-24.78,-0.401386699
-6.835577687,-25.28,-0.427223605
-7.244184253,-25.68,-0.452761516
-7.650811481,-26.11,-0.478175718
-8.060229734,-26.49,-0.503764358
-8.468121668,-26.81,-0.529257604
-8.882034716,-27,-0.55512717
-9.297411866,-27.18,-0.581088242
-9.715655959,-27.36,-0.607228497
-10.12647271,-27.53,-0.632904544
-10.54456501,-27.74,-0.659035313
-10.9622221,-27.93,-0.685138881
-11.38091531,-28.05,-0.711307207
-11.79502767,-28.15,-0.737189229
-12.22516653,-28.23,-0.764072908
-12.6464024,-28.22,-0.79040015
-13.06902861,-28.25,-0.816814288
-13.37977513,-27.04,-0.836235946
-13.40253467,-23.41,-0.837658417
-13.16251579,-18.83,-0.822657237
-12.78594201,-15.74,-0.799121376
-12.40241819,-13.31,-0.775151137
-11.99789998,-11.32,-0.749868749
-11.61219819,-9.591,-0.725762387
-11.2093912,-8.063,-0.70058695
-10.81860517,-6.688,-0.676162823
-10.416296,-5.517,-0.6510185
-10.02144139,-4.438,-0.626340087
-9.617943091,-3.516,-0.601121443
-9.205275213,-2.665,-0.575329701
-8.80579525,-1.878,-0.550362203
-8.391451256,-1.154,-0.524465704
-7.987369955,-0.3669,-0.499210622
-7.573779163,0.3641,-0.473361198
-7.164286834,1.087,-0.447767927
-6.75700269,1.804,-0.422312668
-6.356588839,2.542,-0.397286802
-5.9477716,3.23,-0.371735725
-5.535497144,3.885,-0.345968571
-5.120722774,4.593,-0.320045173
-4.706873617,5.294,-0.294179601
-4.284382875,6.035,-0.26777393
-3.871309595,6.837,-0.24195685
-3.453793588,7.598,-0.215862099
-3.031986424,8.406,-0.189499152
-2.615454247,9.25,-0.16346589
-2.196232758,10.11,-0.137264547
-1.772213901,10.97,-0.110763369
-1.343963253,11.87,-0.083997703
-0.918073532,12.77,-0.057379596
-0.493817437,13.59,-0.03086359
-0.062857094,14.49,-0.003928568
0.367150131,15.39,0.022946883
0.796431231,16.35,0.049776952
1.230340853,17.04,0.076896303
1.665573985,17.87,0.104098374
2.10112428,18.67,0.131320268
2.554336394,19.62,0.159646025
3.001554245,20.51,0.18759714
3.447405265,21.35,0.215462829
3.89252851,22.06,0.243283032
4.340440854,22.75,0.271277553
4.799649489,23.44,0.299978093
5.24854611,24.02,0.328034132
5.701884106,24.41,0.356367757
6.157668989,24.87,0.384854312
6.618141023,25.3,0.413633814
7.08218843,25.64,0.442636777
7.548632775,25.85,0.471789548
8.032212972,26.15,0.502013311
8.493511767,26.21,0.530844485
8.947545986,26.29,0.559221624
9.420785987,26.38,0.588799124
9.903798362,26.2,0.618987398
10.38839711,26.01,0.649274819
10.87193102,25.63,0.679495689
11.40310535,25.34,0.712694084
11.90118838,25.03,0.743824274
12.42892681,24.59,0.776807926
12.97455864,23.88,0.810909915
13.52359524,23.57,0.845224703
14.07614433,22.83,0.879759021
14.71765605,20.69,0.919853503
15.5615073,20.37,0.972594207
16.18398671,19.34,1.011499169
16.91558616,17.95,1.057224135
17.78121206,16.27,1.111325754
18.85070643,13.28,1.178169152
20.49774887,9.244,1.281109304
22.07440283,7.647,1.379650177
